Time (%),Total Time (ns),Instances,Avg (ns),Med (ns),Min (ns),Max (ns),StdDev (ns),Name
69.1,2896899,21,137947.6,137949.0,137469,138269,171.6,"void cutlass::Kernel<cutlass::gemm::kernel::GemmGrouped<cutlass::gemm::threadblock::MmaPipelined<cutlass::gemm::GemmShape<(int)128, (int)128, (int)8>, cutlass::transform::threadblock::PredicatedTileIterator<cutlass::MatrixShape<(int)128, (int)8>, float, cutlass::layout::RowMajor, (int)1, cutlass::transform::PitchLinearStripminedThreadMap<cutlass::PitchLinearShape<(int)8, (int)128>, (int)256, (int)1>, (int)1, (bool)0, cutlass::layout::NoPermute>, cutlass::transform::threadblock::RegularTileIterator<cutlass::MatrixShape<(int)128, (int)8>, float, cutlass::layout::ColumnMajor, (int)1, cutlass::transform::TransposePitchLinearThreadMapSimt<cutlass::transform::PitchLinearStripminedThreadMap<cutlass::PitchLinearShape<(int)8, (int)128>, (int)256, (int)1>>, (int)4>, cutlass::transform::threadblock::PredicatedTileIterator<cutlass::MatrixShape<(int)8, (int)128>, float, cutlass::layout::RowMajor, (int)0, cutlass::transform::PitchLinearStripminedThreadMap<cutlass::PitchLinearShape<(int)128, (int)8>, (int)256, (int)1>, (int)1, (bool)0, cutlass::layout::NoPermute>, cutlass::transform::threadblock::RegularTileIterator<cutlass::MatrixShape<(int)8, (int)128>, float, cutlass::layout::RowMajor, (int)0, cutlass::transform::PitchLinearStripminedThreadMap<cutlass::PitchLinearShape<(int)128, (int)8>, (int)256, (int)1>, (int)4>, float, cutlass::layout::RowMajor, cutlass::gemm::threadblock::MmaPolicy<cutlass::gemm::warp::MmaSimt<cutlass::gemm::GemmShape<(int)32, (int)64, (int)8>, float, cutlass::layout::ColumnMajor, float, cutlass::layout::RowMajor, float, cutlass::layout::RowMajor, cutlass::gemm::warp::MmaSimtPolicy<cutlass::MatrixShape<(int)4, (int)8>, cutlass::layout::RowMajorInterleaved<(int)2>, cutlass::gemm::GemmShape<(int)4, (int)4, (int)1>>, (int)1, (cutlass::ComplexTransform)0, (cutlass::ComplexTransform)0, bool>, cutlass::MatrixShape<(int)4, (int)0>, cutlass::MatrixShape<(int)0, (int)0>, (int)1>, cutlass::NumericArrayConverter<float, float, (int)4, (cutlass::FloatRoundStyle)2, cutlass::transform::thread::UnaryTransform::Identity>, cutlass::NumericArrayConverter<float, float, (int)4, (cutlass::FloatRoundStyle)2, cutlass::transform::thread::UnaryTransform::Identity>, bool>, cutlass::epilogue::threadblock::Epilogue<cutlass::gemm::GemmShape<(int)128, (int)128, (int)8>, cutlass::gemm::warp::MmaSimt<cutlass::gemm::GemmShape<(int)32, (int)64, (int)8>, float, cutlass::layout::ColumnMajor, float, cutlass::layout::RowMajor, float, cutlass::layout::RowMajor, cutlass::gemm::warp::MmaSimtPolicy<cutlass::MatrixShape<(int)4, (int)8>, cutlass::layout::RowMajorInterleaved<(int)2>, cutlass::gemm::GemmShape<(int)4, (int)4, (int)1>>, (int)1, (cutlass::ComplexTransform)0, (cutlass::ComplexTransform)0, bool>, (int)1, cutlass::epilogue::threadblock::PredicatedTileIterator<cutlass::epilogue::threadblock::OutputTileOptimalThreadMap<cutlass::epilogue::threadblock::OutputTileShape<(int)128, (int)1, (int)4, (int)4, (int)1>, cutlass::epilogue::threadblock::OutputTileShape<(int)1, (int)4, (int)2, (int)1, (int)8>, (int)256, (int)1, (int)32>, float, (bool)0, cutlass::layout::NoPermute, (bool)0>, cutlass::epilogue::warp::FragmentIteratorSimt<cutlass::gemm::GemmShape<(int)32, (int)64, (int)8>, cutlass::gemm::thread::Mma<cutlass::gemm::GemmShape<(int)8, (int)8, (int)1>, float, cutlass::layout::ColumnMajor, float, cutlass::layout::RowMajor, float, cutlass::layout::RowMajor, cutlass::arch::OpMultiplyAdd, bool>, cutlass::layout::RowMajor, cutlass::gemm::warp::MmaSimtPolicy<cutlass::MatrixShape<(int)4, (int)8>, cutlass::layout::RowMajorInterleaved<(int)2>, cutlass::gemm::GemmShape<(int)4, (int)4, (int)1>>>, cutlass::epilogue::warp::TileIteratorSimt<cutlass::gemm::GemmShape<(int)32, (int)64, (int)8>, cutlass::gemm::thread::Mma<cutlass::gemm::GemmShape<(int)8, (int)8, (int)1>, float, cutlass::layout::ColumnMajor, float, cutlass::layout::RowMajor, float, cutlass::layout::RowMajor, cutlass::arch::OpMultiplyAdd, bool>, float, cutlass::layout::RowMajor, cutlass::gemm::warp::MmaSimtPolicy<cutlass::MatrixShape<(int)4, (int)8>, cutlass::layout::RowMajorInterleaved<(int)2>, cutlass::gemm::GemmShape<(int)4, (int)4, (int)1>>>, cutlass::epilogue::threadblock::SharedLoadIterator<cutlass::epilogue::threadblock::OutputTileOptimalThreadMap<cutlass::epilogue::threadblock::OutputTileShape<(int)128, (int)1, (int)4, (int)4, (int)1>, cutlass::epilogue::threadblock::OutputTileShape<(int)1, (int)4, (int)2, (int)1, (int)8>, (int)256, (int)1, (int)32>::CompactedThreadMap, float, (int)4>, cutlass::epilogue::thread::LinearCombination<float, (int)1, float, float, (cutlass::epilogue::thread::ScaleType::Kind)0, (cutlass::FloatRoundStyle)2, float>, cutlass::MatrixShape<(int)0, (int)17>, (int)1, (int)1>, cutlass::gemm::threadblock::GemmBatchedIdentityThreadblockSwizzle, (cutlass::gemm::kernel::GroupScheduleMode)0, (bool)0>>(T1::Params)"
9.5,398771,21,18989.1,18975.0,18911,19103,57.6,"raggedroute::benchmark::library_baseline::<unnamed>::cub_block_radix_top2_kernel(const float *, int *, float *, int, int)"
4.3,182270,21,8679.5,8704.0,8064,8864,153.1,ampere_sgemm_32x32_sliced1x4_nn
3.9,164734,21,7844.5,7840.0,7680,8064,92.3,"void raggedroute::benchmark::library_baseline::<unnamed>::finalize_routing<(bool)1>(const float *, float *, const float *, const int *, int, int, int)"
3.8,157822,21,7515.3,7520.0,7488,7552,20.9,"void cub::_V_300304_SM_860::detail::radix_sort::DeviceRadixSortSingleTileKernel<cub::_V_300304_SM_860::detail::radix_sort::policy_selector_from_types<int, int, unsigned int>, (cub::_V_300304_SM_860::SortOrder)0, int, int, unsigned int, cub::_V_300304_SM_860::detail::identity_decomposer_t>(const T3 *, T3 *, const T4 *, T4 *, T5, int, int, T6)"
2.8,119421,21,5686.7,5696.0,5536,5792,51.7,"void cub::_V_300304_SM_860::detail::histogram::DeviceHistogramSweepKernel<cub::_V_300304_SM_860::detail::histogram::policy_hub<int, int, (int)1, (int)1, (bool)1>::Policy1000, (int)256, (int)1, (int)1, const int *, int, cub::_V_300304_SM_860::detail::histogram::Transforms<int, int, int>::ScaleTransform, cub::_V_300304_SM_860::detail::histogram::Transforms<int, int, int>::PassThruTransform, int>(T5, cuda::std::__4::array<int, T4>, cuda::std::__4::array<int, T4>, cuda::std::__4::array<T6 *, T4>, cuda::std::__4::array<T6 *, T4>, cuda::std::__4::array<T8, T4>, cuda::std::__4::array<T7, T4>, T9, T9, T9, int, cub::_V_300304_SM_860::GridQueue<int>)"
2.6,108542,21,5168.7,5152.0,5120,5248,26.1,"void raggedroute::benchmark::library_baseline::<unnamed>::expand_rows<(bool)1>(const float *, float *, const int *, int *, int *, int, int, int)"
1.6,65151,21,3102.4,3104.0,3072,3136,12.3,"raggedroute::benchmark::library_baseline::<unnamed>::compute_expert_offsets(const int *, int, int, long long *)"
1.1,44191,21,2104.3,2112.0,1984,2176,53.4,"void cublasLt::splitKreduce_kernel<(int)32, (int)16, int, float, float, float, float, (bool)0, float, float, float, (bool)1, (bool)0, (bool)0, (bool)0>(cublasLt::cublasSplitKParams<T6>, const T4 *, const T10 *, T9 *, T5 *, const T6 *, const T6 *, const T11 *, const T4 *, T11 *, void *, long long, T6 *, int *, T6 *, T6 *, const T6 *, const T6 *, const T6 *, const T6 *, const T6 *)"
0.7,30944,21,1473.5,1472.0,1440,1504,12.3,"void raggedroute::benchmark::library_baseline::<unnamed>::block_scan_kernel<(int)128>(const int *, int *, int)"
0.6,23904,21,1138.3,1152.0,1120,1152,16.2,"void cub::_V_300304_SM_860::detail::histogram::DeviceHistogramInitKernel<cub::_V_300304_SM_860::detail::histogram::policy_hub<int, int, (int)1, (int)1, (bool)1>::Policy1000, (int)1, int, int>(cuda::std::__4::array<int, T2>, cuda::std::__4::array<T3 *, T2>, cub::_V_300304_SM_860::GridQueue<int>)"
0.0,1344,1,1344.0,1344.0,1344,1344,0.0,"raggedroute::benchmark::library_baseline::<unnamed>::initialize_source_rows(int *, int)"
