case_id,profile_set,kernel,concept,status,metric,value,unit
permute.v2.direct.large_uniform,detailed,token_permute_token_tile4_top2_kernel,device_name,collected,device__attribute_display_name,NVIDIA GeForce RTX 3080,
permute.v2.direct.large_uniform,detailed,token_permute_token_tile4_top2_kernel,cc_major,collected,device__attribute_compute_capability_major,8,
permute.v2.direct.large_uniform,detailed,token_permute_token_tile4_top2_kernel,cc_minor,collected,device__attribute_compute_capability_minor,6,
permute.v2.direct.large_uniform,detailed,token_permute_token_tile4_top2_kernel,sm_count,collected,device__attribute_multiprocessor_count,68,
permute.v2.direct.large_uniform,detailed,token_permute_token_tile4_top2_kernel,duration_ns,collected,gpu__time_duration.sum,17184.0,ns
permute.v2.direct.large_uniform,detailed,token_permute_token_tile4_top2_kernel,grid_size,collected,launch__grid_size,512,
permute.v2.direct.large_uniform,detailed,token_permute_token_tile4_top2_kernel,block_size,collected,launch__block_size,128,
permute.v2.direct.large_uniform,detailed,token_permute_token_tile4_top2_kernel,waves_per_sm,collected,launch__waves_per_multiprocessor,0.6274509803921569,
permute.v2.direct.large_uniform,detailed,token_permute_token_tile4_top2_kernel,registers_per_thread,collected,launch__registers_per_thread,34,register/thread
permute.v2.direct.large_uniform,detailed,token_permute_token_tile4_top2_kernel,shared_mem_per_block,collected,launch__shared_mem_per_block,1056,byte/block
permute.v2.direct.large_uniform,detailed,token_permute_token_tile4_top2_kernel,occupancy_theoretical_pct,collected,sm__maximum_warps_per_active_cycle_pct,100.0,%
permute.v2.direct.large_uniform,detailed,token_permute_token_tile4_top2_kernel,occupancy_achieved_pct,collected,sm__warps_active.avg.pct_of_peak_sustained_active,41.70847148688701,%
permute.v2.direct.large_uniform,detailed,token_permute_token_tile4_top2_kernel,sm_throughput_pct,collected,sm__throughput.avg.pct_of_peak_sustained_elapsed,3.517263726334943,%
permute.v2.direct.large_uniform,detailed,token_permute_token_tile4_top2_kernel,memory_throughput_pct,collected,gpu__compute_memory_throughput.avg.pct_of_peak_sustained_elapsed,48.55271668822769,%
permute.v2.direct.large_uniform,detailed,token_permute_token_tile4_top2_kernel,dram_throughput_pct,collected,gpu__dram_throughput.avg.pct_of_peak_sustained_elapsed,48.55271668822769,%
permute.v2.direct.large_uniform,detailed,token_permute_token_tile4_top2_kernel,dram_read_bytes,collected,dram__bytes_read.sum,2118784.0,byte
permute.v2.direct.large_uniform,detailed,token_permute_token_tile4_top2_kernel,dram_write_bytes,collected,dram__bytes_write.sum,4030336.0,byte
permute.v2.direct.large_uniform,detailed,token_permute_token_tile4_top2_kernel,l1_throughput_pct,collected,l1tex__throughput.avg.pct_of_peak_sustained_active,16.10129476638821,%
permute.v2.direct.large_uniform,detailed,token_permute_token_tile4_top2_kernel,l1_hit_rate_pct,collected,l1tex__t_sector_hit_rate.pct,1.4393939393939394,%
permute.v2.direct.large_uniform,detailed,token_permute_token_tile4_top2_kernel,l2_hit_rate_pct,collected,lts__t_sector_hit_rate.pct,68.13336990467391,%
permute.v2.direct.large_uniform,detailed,token_permute_token_tile4_top2_kernel,global_load_sectors,not_collected,,,
permute.v2.direct.large_uniform,detailed,token_permute_token_tile4_top2_kernel,global_load_requests,collected,l1tex__t_requests_pipe_lsu_mem_global_op_ld.sum,5120.0,
permute.v2.direct.large_uniform,detailed,token_permute_token_tile4_top2_kernel,global_store_sectors,not_collected,,,
permute.v2.direct.large_uniform,detailed,token_permute_token_tile4_top2_kernel,global_store_requests,collected,l1tex__t_requests_pipe_lsu_mem_global_op_st.sum,9216.0,
permute.v2.direct.large_uniform,detailed,token_permute_token_tile4_top2_kernel,local_load_instructions,collected,smsp__sass_inst_executed_op_local_ld.sum,0.0,inst
permute.v2.direct.large_uniform,detailed,token_permute_token_tile4_top2_kernel,local_store_instructions,collected,smsp__sass_inst_executed_op_local_st.sum,0.0,inst
permute.v2.direct.large_uniform,detailed,token_permute_token_tile4_top2_kernel,tensor_active_pct,collected,sm__pipe_tensor_cycles_active.avg.pct_of_peak_sustained_active,0.0,%
permute.v2.direct.large_uniform,detailed,token_permute_token_tile4_top2_kernel,eligible_warps_per_scheduler,not_collected,,,
permute.v2.direct.large_uniform,detailed,token_permute_token_tile4_top2_kernel,issue_active_pct,collected,sm__issue_active.avg.pct_of_peak_sustained_elapsed,3.517263726334943,%
permute.v2.direct.large_uniform,detailed,token_permute_token_tile4_top2_kernel,stall_long_scoreboard,collected,smsp__pcsamp_warps_issue_stalled_long_scoreboard,455,warp
permute.v2.direct.large_uniform,detailed,token_permute_token_tile4_top2_kernel,stall_short_scoreboard,collected,smsp__pcsamp_warps_issue_stalled_short_scoreboard,3,warp
permute.v2.direct.large_uniform,detailed,token_permute_token_tile4_top2_kernel,stall_wait,collected,smsp__pcsamp_warps_issue_stalled_wait,17,warp
permute.v2.direct.large_uniform,detailed,token_permute_token_tile4_top2_kernel,stall_barrier,collected,smsp__pcsamp_warps_issue_stalled_barrier,62,warp
permute.v2.direct.large_uniform,detailed,token_permute_token_tile4_top2_kernel,stall_math_pipe,collected,smsp__pcsamp_warps_issue_stalled_math_pipe_throttle,0,warp
permute.v2.direct.large_uniform,detailed,token_permute_token_tile4_top2_kernel,stall_memory_throttle,collected,smsp__pcsamp_warps_issue_stalled_mio_throttle,0,warp
permute.v2.old.large_uniform,detailed,token_permute_token_owned_top2_kernel,device_name,collected,device__attribute_display_name,NVIDIA GeForce RTX 3080,
permute.v2.old.large_uniform,detailed,token_permute_token_owned_top2_kernel,cc_major,collected,device__attribute_compute_capability_major,8,
permute.v2.old.large_uniform,detailed,token_permute_token_owned_top2_kernel,cc_minor,collected,device__attribute_compute_capability_minor,6,
permute.v2.old.large_uniform,detailed,token_permute_token_owned_top2_kernel,sm_count,collected,device__attribute_multiprocessor_count,68,
permute.v2.old.large_uniform,detailed,token_permute_token_owned_top2_kernel,duration_ns,collected,gpu__time_duration.sum,12640.0,ns
permute.v2.old.large_uniform,detailed,token_permute_token_owned_top2_kernel,grid_size,collected,launch__grid_size,2048,
permute.v2.old.large_uniform,detailed,token_permute_token_owned_top2_kernel,block_size,collected,launch__block_size,128,
permute.v2.old.large_uniform,detailed,token_permute_token_owned_top2_kernel,waves_per_sm,collected,launch__waves_per_multiprocessor,2.5098039215686274,
permute.v2.old.large_uniform,detailed,token_permute_token_owned_top2_kernel,registers_per_thread,collected,launch__registers_per_thread,34,register/thread
permute.v2.old.large_uniform,detailed,token_permute_token_owned_top2_kernel,shared_mem_per_block,collected,launch__shared_mem_per_block,1032,byte/block
permute.v2.old.large_uniform,detailed,token_permute_token_owned_top2_kernel,occupancy_theoretical_pct,collected,sm__maximum_warps_per_active_cycle_pct,100.0,%
permute.v2.old.large_uniform,detailed,token_permute_token_owned_top2_kernel,occupancy_achieved_pct,collected,sm__warps_active.avg.pct_of_peak_sustained_active,63.55022604665456,%
permute.v2.old.large_uniform,detailed,token_permute_token_owned_top2_kernel,sm_throughput_pct,collected,sm__throughput.avg.pct_of_peak_sustained_elapsed,6.8180451147064325,%
permute.v2.old.large_uniform,detailed,token_permute_token_owned_top2_kernel,memory_throughput_pct,collected,gpu__compute_memory_throughput.avg.pct_of_peak_sustained_elapsed,66.25466417910447,%
permute.v2.old.large_uniform,detailed,token_permute_token_owned_top2_kernel,dram_throughput_pct,collected,gpu__dram_throughput.avg.pct_of_peak_sustained_elapsed,66.25466417910447,%
permute.v2.old.large_uniform,detailed,token_permute_token_owned_top2_kernel,dram_read_bytes,collected,dram__bytes_read.sum,2120576.0,byte
permute.v2.old.large_uniform,detailed,token_permute_token_owned_top2_kernel,dram_write_bytes,collected,dram__bytes_write.sum,4061440.0,byte
permute.v2.old.large_uniform,detailed,token_permute_token_owned_top2_kernel,l1_throughput_pct,collected,l1tex__throughput.avg.pct_of_peak_sustained_active,20.18477423450126,%
permute.v2.old.large_uniform,detailed,token_permute_token_owned_top2_kernel,l1_hit_rate_pct,collected,l1tex__t_sector_hit_rate.pct,4.3613649764150955,%
permute.v2.old.large_uniform,detailed,token_permute_token_owned_top2_kernel,l2_hit_rate_pct,collected,lts__t_sector_hit_rate.pct,68.71861904941673,%
permute.v2.old.large_uniform,detailed,token_permute_token_owned_top2_kernel,global_load_sectors,not_collected,,,
permute.v2.old.large_uniform,detailed,token_permute_token_owned_top2_kernel,global_load_requests,collected,l1tex__t_requests_pipe_lsu_mem_global_op_ld.sum,12288.0,
permute.v2.old.large_uniform,detailed,token_permute_token_owned_top2_kernel,global_store_sectors,not_collected,,,
permute.v2.old.large_uniform,detailed,token_permute_token_owned_top2_kernel,global_store_requests,collected,l1tex__t_requests_pipe_lsu_mem_global_op_st.sum,16384.0,
permute.v2.old.large_uniform,detailed,token_permute_token_owned_top2_kernel,local_load_instructions,collected,smsp__sass_inst_executed_op_local_ld.sum,0.0,inst
permute.v2.old.large_uniform,detailed,token_permute_token_owned_top2_kernel,local_store_instructions,collected,smsp__sass_inst_executed_op_local_st.sum,0.0,inst
permute.v2.old.large_uniform,detailed,token_permute_token_owned_top2_kernel,tensor_active_pct,collected,sm__pipe_tensor_cycles_active.avg.pct_of_peak_sustained_active,0.0,%
permute.v2.old.large_uniform,detailed,token_permute_token_owned_top2_kernel,eligible_warps_per_scheduler,not_collected,,,
permute.v2.old.large_uniform,detailed,token_permute_token_owned_top2_kernel,issue_active_pct,collected,sm__issue_active.avg.pct_of_peak_sustained_elapsed,6.8180451147064325,%
permute.v2.old.large_uniform,detailed,token_permute_token_owned_top2_kernel,stall_long_scoreboard,collected,smsp__pcsamp_warps_issue_stalled_long_scoreboard,179,warp
permute.v2.old.large_uniform,detailed,token_permute_token_owned_top2_kernel,stall_short_scoreboard,collected,smsp__pcsamp_warps_issue_stalled_short_scoreboard,2,warp
permute.v2.old.large_uniform,detailed,token_permute_token_owned_top2_kernel,stall_wait,collected,smsp__pcsamp_warps_issue_stalled_wait,9,warp
permute.v2.old.large_uniform,detailed,token_permute_token_owned_top2_kernel,stall_barrier,collected,smsp__pcsamp_warps_issue_stalled_barrier,226,warp
permute.v2.old.large_uniform,detailed,token_permute_token_owned_top2_kernel,stall_math_pipe,collected,smsp__pcsamp_warps_issue_stalled_math_pipe_throttle,1,warp
permute.v2.old.large_uniform,detailed,token_permute_token_owned_top2_kernel,stall_memory_throttle,collected,smsp__pcsamp_warps_issue_stalled_mio_throttle,0,warp
permute.v2.prepare.large_uniform,detailed,token_permute_prepare_offsets_fused_kernel,device_name,collected,device__attribute_display_name,NVIDIA GeForce RTX 3080,
permute.v2.prepare.large_uniform,detailed,token_permute_prepare_offsets_fused_kernel,cc_major,collected,device__attribute_compute_capability_major,8,
permute.v2.prepare.large_uniform,detailed,token_permute_prepare_offsets_fused_kernel,cc_minor,collected,device__attribute_compute_capability_minor,6,
permute.v2.prepare.large_uniform,detailed,token_permute_prepare_offsets_fused_kernel,sm_count,collected,device__attribute_multiprocessor_count,68,
permute.v2.prepare.large_uniform,detailed,token_permute_prepare_offsets_fused_kernel,duration_ns,collected,gpu__time_duration.sum,11104.0,ns
permute.v2.prepare.large_uniform,detailed,token_permute_prepare_offsets_fused_kernel,grid_size,collected,launch__grid_size,1,
permute.v2.prepare.large_uniform,detailed,token_permute_prepare_offsets_fused_kernel,block_size,collected,launch__block_size,256,
permute.v2.prepare.large_uniform,detailed,token_permute_prepare_offsets_fused_kernel,waves_per_sm,collected,launch__waves_per_multiprocessor,0.0024509803921568627,
permute.v2.prepare.large_uniform,detailed,token_permute_prepare_offsets_fused_kernel,registers_per_thread,collected,launch__registers_per_thread,40,register/thread
permute.v2.prepare.large_uniform,detailed,token_permute_prepare_offsets_fused_kernel,shared_mem_per_block,collected,launch__shared_mem_per_block,1280,byte/block
permute.v2.prepare.large_uniform,detailed,token_permute_prepare_offsets_fused_kernel,occupancy_theoretical_pct,collected,sm__maximum_warps_per_active_cycle_pct,100.0,%
permute.v2.prepare.large_uniform,detailed,token_permute_prepare_offsets_fused_kernel,occupancy_achieved_pct,collected,sm__warps_active.avg.pct_of_peak_sustained_active,15.435272862120117,%
permute.v2.prepare.large_uniform,detailed,token_permute_prepare_offsets_fused_kernel,sm_throughput_pct,collected,sm__throughput.avg.pct_of_peak_sustained_elapsed,0.4815716033598659,%
permute.v2.prepare.large_uniform,detailed,token_permute_prepare_offsets_fused_kernel,memory_throughput_pct,collected,gpu__compute_memory_throughput.avg.pct_of_peak_sustained_elapsed,0.38148674474445043,%
permute.v2.prepare.large_uniform,detailed,token_permute_prepare_offsets_fused_kernel,dram_throughput_pct,collected,gpu__dram_throughput.avg.pct_of_peak_sustained_elapsed,0.3234375,%
permute.v2.prepare.large_uniform,detailed,token_permute_prepare_offsets_fused_kernel,dram_read_bytes,collected,dram__bytes_read.sum,26496.0,byte
permute.v2.prepare.large_uniform,detailed,token_permute_prepare_offsets_fused_kernel,dram_write_bytes,collected,dram__bytes_write.sum,0.0,byte
permute.v2.prepare.large_uniform,detailed,token_permute_prepare_offsets_fused_kernel,l1_throughput_pct,collected,l1tex__throughput.avg.pct_of_peak_sustained_active,4.977750181103177,%
permute.v2.prepare.large_uniform,detailed,token_permute_prepare_offsets_fused_kernel,l1_hit_rate_pct,collected,l1tex__t_sector_hit_rate.pct,0.851063829787234,%
permute.v2.prepare.large_uniform,detailed,token_permute_prepare_offsets_fused_kernel,l2_hit_rate_pct,collected,lts__t_sector_hit_rate.pct,71.51573538856776,%
permute.v2.prepare.large_uniform,detailed,token_permute_prepare_offsets_fused_kernel,global_load_sectors,not_collected,,,
permute.v2.prepare.large_uniform,detailed,token_permute_prepare_offsets_fused_kernel,global_load_requests,collected,l1tex__t_requests_pipe_lsu_mem_global_op_ld.sum,128.0,
permute.v2.prepare.large_uniform,detailed,token_permute_prepare_offsets_fused_kernel,global_store_sectors,not_collected,,,
permute.v2.prepare.large_uniform,detailed,token_permute_prepare_offsets_fused_kernel,global_store_requests,collected,l1tex__t_requests_pipe_lsu_mem_global_op_st.sum,193.0,
permute.v2.prepare.large_uniform,detailed,token_permute_prepare_offsets_fused_kernel,local_load_instructions,collected,smsp__sass_inst_executed_op_local_ld.sum,0.0,inst
permute.v2.prepare.large_uniform,detailed,token_permute_prepare_offsets_fused_kernel,local_store_instructions,collected,smsp__sass_inst_executed_op_local_st.sum,0.0,inst
permute.v2.prepare.large_uniform,detailed,token_permute_prepare_offsets_fused_kernel,tensor_active_pct,collected,sm__pipe_tensor_cycles_active.avg.pct_of_peak_sustained_active,0.0,%
permute.v2.prepare.large_uniform,detailed,token_permute_prepare_offsets_fused_kernel,eligible_warps_per_scheduler,not_collected,,,
permute.v2.prepare.large_uniform,detailed,token_permute_prepare_offsets_fused_kernel,issue_active_pct,collected,sm__issue_active.avg.pct_of_peak_sustained_elapsed,0.07162398097359124,%
permute.v2.prepare.large_uniform,detailed,token_permute_prepare_offsets_fused_kernel,stall_long_scoreboard,collected,smsp__pcsamp_warps_issue_stalled_long_scoreboard,4,warp
permute.v2.prepare.large_uniform,detailed,token_permute_prepare_offsets_fused_kernel,stall_short_scoreboard,collected,smsp__pcsamp_warps_issue_stalled_short_scoreboard,1,warp
permute.v2.prepare.large_uniform,detailed,token_permute_prepare_offsets_fused_kernel,stall_wait,collected,smsp__pcsamp_warps_issue_stalled_wait,2,warp
permute.v2.prepare.large_uniform,detailed,token_permute_prepare_offsets_fused_kernel,stall_barrier,collected,smsp__pcsamp_warps_issue_stalled_barrier,1,warp
permute.v2.prepare.large_uniform,detailed,token_permute_prepare_offsets_fused_kernel,stall_math_pipe,collected,smsp__pcsamp_warps_issue_stalled_math_pipe_throttle,0,warp
permute.v2.prepare.large_uniform,detailed,token_permute_prepare_offsets_fused_kernel,stall_memory_throttle,collected,smsp__pcsamp_warps_issue_stalled_mio_throttle,0,warp
permute.v2.vllm.expand.large_uniform,detailed,expand_rows,device_name,collected,device__attribute_display_name,NVIDIA GeForce RTX 3080,
permute.v2.vllm.expand.large_uniform,detailed,expand_rows,cc_major,collected,device__attribute_compute_capability_major,8,
permute.v2.vllm.expand.large_uniform,detailed,expand_rows,cc_minor,collected,device__attribute_compute_capability_minor,6,
permute.v2.vllm.expand.large_uniform,detailed,expand_rows,sm_count,collected,device__attribute_multiprocessor_count,68,
permute.v2.vllm.expand.large_uniform,detailed,expand_rows,duration_ns,collected,gpu__time_duration.sum,15904.0,ns
permute.v2.vllm.expand.large_uniform,detailed,expand_rows,grid_size,collected,launch__grid_size,4096,
permute.v2.vllm.expand.large_uniform,detailed,expand_rows,block_size,collected,launch__block_size,256,
permute.v2.vllm.expand.large_uniform,detailed,expand_rows,waves_per_sm,collected,launch__waves_per_multiprocessor,10.03921568627451,
permute.v2.vllm.expand.large_uniform,detailed,expand_rows,registers_per_thread,collected,launch__registers_per_thread,18,register/thread
permute.v2.vllm.expand.large_uniform,detailed,expand_rows,shared_mem_per_block,collected,launch__shared_mem_per_block,1024,byte/block
permute.v2.vllm.expand.large_uniform,detailed,expand_rows,occupancy_theoretical_pct,collected,sm__maximum_warps_per_active_cycle_pct,100.0,%
permute.v2.vllm.expand.large_uniform,detailed,expand_rows,occupancy_achieved_pct,collected,sm__warps_active.avg.pct_of_peak_sustained_active,66.15161550719534,%
permute.v2.vllm.expand.large_uniform,detailed,expand_rows,sm_throughput_pct,collected,sm__throughput.avg.pct_of_peak_sustained_elapsed,17.29648571294515,%
permute.v2.vllm.expand.large_uniform,detailed,expand_rows,memory_throughput_pct,collected,gpu__compute_memory_throughput.avg.pct_of_peak_sustained_elapsed,52.03419811320755,%
permute.v2.vllm.expand.large_uniform,detailed,expand_rows,dram_throughput_pct,collected,gpu__dram_throughput.avg.pct_of_peak_sustained_elapsed,52.03419811320755,%
permute.v2.vllm.expand.large_uniform,detailed,expand_rows,dram_read_bytes,collected,dram__bytes_read.sum,2239104.0,byte
permute.v2.vllm.expand.large_uniform,detailed,expand_rows,dram_write_bytes,collected,dram__bytes_write.sum,3860736.0,byte
permute.v2.vllm.expand.large_uniform,detailed,expand_rows,l1_throughput_pct,collected,l1tex__throughput.avg.pct_of_peak_sustained_active,20.566909475108357,%
permute.v2.vllm.expand.large_uniform,detailed,expand_rows,l1_hit_rate_pct,collected,l1tex__t_sector_hit_rate.pct,10.717773437500002,%
permute.v2.vllm.expand.large_uniform,detailed,expand_rows,l2_hit_rate_pct,collected,lts__t_sector_hit_rate.pct,74.74244418109247,%
permute.v2.vllm.expand.large_uniform,detailed,expand_rows,global_load_sectors,not_collected,,,
permute.v2.vllm.expand.large_uniform,detailed,expand_rows,global_load_requests,collected,l1tex__t_requests_pipe_lsu_mem_global_op_ld.sum,40960.0,
permute.v2.vllm.expand.large_uniform,detailed,expand_rows,global_store_sectors,not_collected,,,
permute.v2.vllm.expand.large_uniform,detailed,expand_rows,global_store_requests,collected,l1tex__t_requests_pipe_lsu_mem_global_op_st.sum,16384.0,
permute.v2.vllm.expand.large_uniform,detailed,expand_rows,local_load_instructions,collected,smsp__sass_inst_executed_op_local_ld.sum,0.0,inst
permute.v2.vllm.expand.large_uniform,detailed,expand_rows,local_store_instructions,collected,smsp__sass_inst_executed_op_local_st.sum,0.0,inst
permute.v2.vllm.expand.large_uniform,detailed,expand_rows,tensor_active_pct,collected,sm__pipe_tensor_cycles_active.avg.pct_of_peak_sustained_active,0.0,%
permute.v2.vllm.expand.large_uniform,detailed,expand_rows,eligible_warps_per_scheduler,not_collected,,,
permute.v2.vllm.expand.large_uniform,detailed,expand_rows,issue_active_pct,collected,sm__issue_active.avg.pct_of_peak_sustained_elapsed,15.014310514709331,%
permute.v2.vllm.expand.large_uniform,detailed,expand_rows,stall_long_scoreboard,collected,smsp__pcsamp_warps_issue_stalled_long_scoreboard,400,warp
permute.v2.vllm.expand.large_uniform,detailed,expand_rows,stall_short_scoreboard,collected,smsp__pcsamp_warps_issue_stalled_short_scoreboard,26,warp
permute.v2.vllm.expand.large_uniform,detailed,expand_rows,stall_wait,collected,smsp__pcsamp_warps_issue_stalled_wait,61,warp
permute.v2.vllm.expand.large_uniform,detailed,expand_rows,stall_barrier,collected,smsp__pcsamp_warps_issue_stalled_barrier,0,warp
permute.v2.vllm.expand.large_uniform,detailed,expand_rows,stall_math_pipe,collected,smsp__pcsamp_warps_issue_stalled_math_pipe_throttle,4,warp
permute.v2.vllm.expand.large_uniform,detailed,expand_rows,stall_memory_throttle,collected,smsp__pcsamp_warps_issue_stalled_mio_throttle,0,warp
permute.v2.warp.large_uniform,detailed,token_permute_token_tile4_top2_kernel,device_name,collected,device__attribute_display_name,NVIDIA GeForce RTX 3080,
permute.v2.warp.large_uniform,detailed,token_permute_token_tile4_top2_kernel,cc_major,collected,device__attribute_compute_capability_major,8,
permute.v2.warp.large_uniform,detailed,token_permute_token_tile4_top2_kernel,cc_minor,collected,device__attribute_compute_capability_minor,6,
permute.v2.warp.large_uniform,detailed,token_permute_token_tile4_top2_kernel,sm_count,collected,device__attribute_multiprocessor_count,68,
permute.v2.warp.large_uniform,detailed,token_permute_token_tile4_top2_kernel,duration_ns,collected,gpu__time_duration.sum,13216.0,ns
permute.v2.warp.large_uniform,detailed,token_permute_token_tile4_top2_kernel,grid_size,collected,launch__grid_size,512,
permute.v2.warp.large_uniform,detailed,token_permute_token_tile4_top2_kernel,block_size,collected,launch__block_size,128,
permute.v2.warp.large_uniform,detailed,token_permute_token_tile4_top2_kernel,waves_per_sm,collected,launch__waves_per_multiprocessor,0.6274509803921569,
permute.v2.warp.large_uniform,detailed,token_permute_token_tile4_top2_kernel,registers_per_thread,collected,launch__registers_per_thread,34,register/thread
permute.v2.warp.large_uniform,detailed,token_permute_token_tile4_top2_kernel,shared_mem_per_block,collected,launch__shared_mem_per_block,1056,byte/block
permute.v2.warp.large_uniform,detailed,token_permute_token_tile4_top2_kernel,occupancy_theoretical_pct,collected,sm__maximum_warps_per_active_cycle_pct,100.0,%
permute.v2.warp.large_uniform,detailed,token_permute_token_tile4_top2_kernel,occupancy_achieved_pct,collected,sm__warps_active.avg.pct_of_peak_sustained_active,42.1651986555326,%
permute.v2.warp.large_uniform,detailed,token_permute_token_tile4_top2_kernel,sm_throughput_pct,collected,sm__throughput.avg.pct_of_peak_sustained_elapsed,4.280762046028132,%
permute.v2.warp.large_uniform,detailed,token_permute_token_tile4_top2_kernel,memory_throughput_pct,collected,gpu__compute_memory_throughput.avg.pct_of_peak_sustained_elapsed,63.128682659932664,%
permute.v2.warp.large_uniform,detailed,token_permute_token_tile4_top2_kernel,dram_throughput_pct,collected,gpu__dram_throughput.avg.pct_of_peak_sustained_elapsed,63.128682659932664,%
permute.v2.warp.large_uniform,detailed,token_permute_token_tile4_top2_kernel,dram_read_bytes,collected,dram__bytes_read.sum,2119552.0,byte
permute.v2.warp.large_uniform,detailed,token_permute_token_tile4_top2_kernel,dram_write_bytes,collected,dram__bytes_write.sum,4024192.0,byte
permute.v2.warp.large_uniform,detailed,token_permute_token_tile4_top2_kernel,l1_throughput_pct,collected,l1tex__throughput.avg.pct_of_peak_sustained_active,18.55280700947809,%
permute.v2.warp.large_uniform,detailed,token_permute_token_tile4_top2_kernel,l1_hit_rate_pct,collected,l1tex__t_sector_hit_rate.pct,1.4345074165337972,%
permute.v2.warp.large_uniform,detailed,token_permute_token_tile4_top2_kernel,l2_hit_rate_pct,collected,lts__t_sector_hit_rate.pct,68.09815950920245,%
permute.v2.warp.large_uniform,detailed,token_permute_token_tile4_top2_kernel,global_load_sectors,not_collected,,,
permute.v2.warp.large_uniform,detailed,token_permute_token_tile4_top2_kernel,global_load_requests,collected,l1tex__t_requests_pipe_lsu_mem_global_op_ld.sum,5120.0,
permute.v2.warp.large_uniform,detailed,token_permute_token_tile4_top2_kernel,global_store_sectors,not_collected,,,
permute.v2.warp.large_uniform,detailed,token_permute_token_tile4_top2_kernel,global_store_requests,collected,l1tex__t_requests_pipe_lsu_mem_global_op_st.sum,9216.0,
permute.v2.warp.large_uniform,detailed,token_permute_token_tile4_top2_kernel,local_load_instructions,collected,smsp__sass_inst_executed_op_local_ld.sum,0.0,inst
permute.v2.warp.large_uniform,detailed,token_permute_token_tile4_top2_kernel,local_store_instructions,collected,smsp__sass_inst_executed_op_local_st.sum,0.0,inst
permute.v2.warp.large_uniform,detailed,token_permute_token_tile4_top2_kernel,tensor_active_pct,collected,sm__pipe_tensor_cycles_active.avg.pct_of_peak_sustained_active,0.0,%
permute.v2.warp.large_uniform,detailed,token_permute_token_tile4_top2_kernel,eligible_warps_per_scheduler,not_collected,,,
permute.v2.warp.large_uniform,detailed,token_permute_token_tile4_top2_kernel,issue_active_pct,collected,sm__issue_active.avg.pct_of_peak_sustained_elapsed,4.280762046028132,%
permute.v2.warp.large_uniform,detailed,token_permute_token_tile4_top2_kernel,stall_long_scoreboard,collected,smsp__pcsamp_warps_issue_stalled_long_scoreboard,340,warp
permute.v2.warp.large_uniform,detailed,token_permute_token_tile4_top2_kernel,stall_short_scoreboard,collected,smsp__pcsamp_warps_issue_stalled_short_scoreboard,0,warp
permute.v2.warp.large_uniform,detailed,token_permute_token_tile4_top2_kernel,stall_wait,collected,smsp__pcsamp_warps_issue_stalled_wait,8,warp
permute.v2.warp.large_uniform,detailed,token_permute_token_tile4_top2_kernel,stall_barrier,collected,smsp__pcsamp_warps_issue_stalled_barrier,57,warp
permute.v2.warp.large_uniform,detailed,token_permute_token_tile4_top2_kernel,stall_math_pipe,collected,smsp__pcsamp_warps_issue_stalled_math_pipe_throttle,1,warp
permute.v2.warp.large_uniform,detailed,token_permute_token_tile4_top2_kernel,stall_memory_throttle,collected,smsp__pcsamp_warps_issue_stalled_mio_throttle,0,warp
