run_id,case_id,operator,variant,measurement_level,cache_mode,process_runs,records,raw_samples,median_of_process_medians_us,all_samples_p50_us,all_samples_p95_us,all_samples_mean_us,all_samples_stddev_us,all_samples_cv,promotion_baseline
20260802T185236Z-5cb9bd49afba-permute_candidate_sm86_release_v1,permute.anchor.uniform.t512_e64_top2_k256,token_permute,cuda_atomic_vectorized_128,L1_kernel_body,warm,5,5,150,9.21600032598,9.21600032598,20.42880030351484,12.014933433381067,17.508769412919914,1.4572506381329864,False
20260802T185236Z-5cb9bd49afba-permute_candidate_sm86_release_v1,permute.anchor.uniform.t512_e64_top2_k256,token_permute,cuda_atomic_vectorized_128,L2_operator_steady,warm,5,5,150,18.4831999242,18.32960024475,30.730239897959997,20.888767977548664,7.041094375998365,0.33707561803387176,False
20260802T185236Z-5cb9bd49afba-permute_candidate_sm86_release_v1,permute.anchor.uniform.t512_e64_top2_k256,token_permute,cuda_atomic_vectorized_256,L1_kernel_body,warm,5,5,150,9.21600032598,9.21600032598,22.784000495414737,10.758826825768267,7.08042167530362,0.6581035079350319,False
20260802T185236Z-5cb9bd49afba-permute_candidate_sm86_release_v1,permute.anchor.uniform.t512_e64_top2_k256,token_permute,cuda_atomic_vectorized_256,L2_operator_steady,warm,5,5,150,17.5103999674,19.2000001669,32.209920883189994,23.245482668279333,9.310508474383521,0.40052979786427895,False
20260802T185236Z-5cb9bd49afba-permute_candidate_sm86_release_v1,permute.anchor.uniform.t512_e64_top2_k256,token_permute,cuda_atomic_vectorized_64,L1_kernel_body,warm,5,5,150,8.19199997932,9.21600032598,53.283199667915,18.063359999410334,19.414676204500037,1.0748097920394553,False
20260802T185236Z-5cb9bd49afba-permute_candidate_sm86_release_v1,permute.anchor.uniform.t512_e64_top2_k256,token_permute,cuda_atomic_vectorized_64,L2_operator_steady,warm,5,5,150,15.7183997333,18.07359978555,32.6656013727,21.548373356458,7.929934476288053,0.36800617592378354,False
20260802T185236Z-5cb9bd49afba-permute_candidate_sm86_release_v1,permute.anchor.uniform.t512_e64_top2_k256,token_permute,cuda_block_partial,L1_kernel_body,warm,5,5,150,14.3360001966,14.3360001966,57.907200977184985,21.777066700159335,15.31928945488618,0.7034597297153016,False
20260802T185236Z-5cb9bd49afba-permute_candidate_sm86_release_v1,permute.anchor.uniform.t512_e64_top2_k256,token_permute,cuda_block_partial,L2_operator_steady,warm,5,5,150,23.0399996042,23.4495997429,29.26080062981999,23.679594715438,3.2388887331209157,0.13677973681742578,False
20260802T185236Z-5cb9bd49afba-permute_candidate_sm86_release_v1,permute.anchor.uniform.t512_e64_top2_k256,token_permute,cuda_naive,L1_kernel_body,warm,5,5,150,9.21600032598,9.21600032598,43.0079996586,13.243733327837468,13.752980128930325,1.0384519069122642,True
20260802T185236Z-5cb9bd49afba-permute_candidate_sm86_release_v1,permute.anchor.uniform.t512_e64_top2_k256,token_permute,cuda_naive,L2_operator_steady,warm,5,5,150,17.5103999674,16.6400000453,25.840640142564972,17.868800009288,6.1643524850597595,0.34497853699496317,True
20260802T185236Z-5cb9bd49afba-permute_candidate_sm86_release_v1,permute.anchor.uniform.t512_e64_top2_k256,token_permute,cuda_token_owned_top2,L1_kernel_body,warm,5,5,150,9.21600032598,9.21600032598,19.404800375899843,11.796480041617333,17.69386601049672,1.4999276011211593,False
20260802T185236Z-5cb9bd49afba-permute_candidate_sm86_release_v1,permute.anchor.uniform.t512_e64_top2_k256,token_permute,cuda_token_owned_top2,L2_operator_steady,warm,5,5,150,16.4863996208,18.2272002101,27.089920639989998,19.154090623060668,10.182813700742898,0.5316260584296937,False
20260802T185236Z-5cb9bd49afba-permute_candidate_sm86_release_v1,permute.anchor.zipf06.t512_e64_top2_k256,token_permute,cuda_atomic_vectorized_128,L1_kernel_body,warm,5,5,150,8.19199997932,8.19199997932,10.2399997413,9.256960063552533,4.427155058136673,0.4782515024092768,False
20260802T185236Z-5cb9bd49afba-permute_candidate_sm86_release_v1,permute.anchor.zipf06.t512_e64_top2_k256,token_permute,cuda_atomic_vectorized_128,L2_operator_steady,warm,5,5,150,15.8720001578,16.54239967465,33.392639309159996,19.412288000184667,7.351029205485696,0.3786791750367482,False
20260802T185236Z-5cb9bd49afba-permute_candidate_sm86_release_v1,permute.anchor.zipf06.t512_e64_top2_k256,token_permute,cuda_atomic_vectorized_256,L1_kernel_body,warm,5,5,150,9.72800003365,10.2399997413,16.025600256384948,11.537066809828666,6.681071538762662,0.5790961991371082,False
20260802T185236Z-5cb9bd49afba-permute_candidate_sm86_release_v1,permute.anchor.zipf06.t512_e64_top2_k256,token_permute,cuda_atomic_vectorized_256,L2_operator_steady,warm,5,5,150,25.5999997258,25.5999997258,36.177920401069954,25.003135929507334,8.850664249372759,0.3539821674499513,False
20260802T185236Z-5cb9bd49afba-permute_candidate_sm86_release_v1,permute.anchor.zipf06.t512_e64_top2_k256,token_permute,cuda_atomic_vectorized_64,L1_kernel_body,warm,5,5,150,9.21600032598,9.21600032598,13.875200040629982,10.219520147269467,5.135636461973762,0.5025320551225629,False
20260802T185236Z-5cb9bd49afba-permute_candidate_sm86_release_v1,permute.anchor.zipf06.t512_e64_top2_k256,token_permute,cuda_atomic_vectorized_64,L2_operator_steady,warm,5,5,150,20.4800002277,22.8351995349,33.6896002293,23.935658638673335,8.441298412707116,0.3526662265757892,False
20260802T185236Z-5cb9bd49afba-permute_candidate_sm86_release_v1,permute.anchor.zipf06.t512_e64_top2_k256,token_permute,cuda_block_partial,L1_kernel_body,warm,5,5,150,13.31199985,13.31199985,58.3680011332,17.585493512444668,12.83708172628981,0.7299813176812715,False
20260802T185236Z-5cb9bd49afba-permute_candidate_sm86_release_v1,permute.anchor.zipf06.t512_e64_top2_k256,token_permute,cuda_block_partial,L2_operator_steady,warm,5,5,150,25.2927988768,24.83199983835,47.933440506474966,29.326677372059336,21.548574355147164,0.734777216040073,False
20260802T185236Z-5cb9bd49afba-permute_candidate_sm86_release_v1,permute.anchor.zipf06.t512_e64_top2_k256,token_permute,cuda_naive,L1_kernel_body,warm,5,5,150,9.21600032598,9.21600032598,14.899199875069982,11.277653401095598,7.401177061186617,0.6562692430738836,True
20260802T185236Z-5cb9bd49afba-permute_candidate_sm86_release_v1,permute.anchor.zipf06.t512_e64_top2_k256,token_permute,cuda_naive,L2_operator_steady,warm,5,5,150,16.127999872,16.7935997248,30.105599761,19.35155194004267,6.552495571849864,0.3386031049164223,True
20260802T185236Z-5cb9bd49afba-permute_candidate_sm86_release_v1,permute.anchor.zipf06.t512_e64_top2_k256,token_permute,cuda_token_owned_top2,L1_kernel_body,warm,5,5,150,9.21600032598,8.19199997932,10.2399997413,8.956586758917734,2.8749588415312264,0.32098822005701433,False
20260802T185236Z-5cb9bd49afba-permute_candidate_sm86_release_v1,permute.anchor.zipf06.t512_e64_top2_k256,token_permute,cuda_token_owned_top2,L2_operator_steady,warm,5,5,150,17.1007998288,18.2272002101,44.600319862335,23.97183997432,14.717425993489119,0.6139464475507622,False
20260802T185236Z-5cb9bd49afba-permute_candidate_sm86_release_v1,permute.anchor.zipf10.t512_e64_top2_k256,token_permute,cuda_atomic_vectorized_128,L1_kernel_body,warm,5,5,150,9.21600032598,9.21600032598,10.2399997413,9.393493495880666,0.6969888420986844,0.07419910839394686,False
20260802T185236Z-5cb9bd49afba-permute_candidate_sm86_release_v1,permute.anchor.zipf10.t512_e64_top2_k256,token_permute,cuda_atomic_vectorized_128,L2_operator_steady,warm,5,5,150,15.7696001232,16.1791995168,33.802239447859996,20.196693365776,18.377219660486055,0.9099122974074011,False
20260802T185236Z-5cb9bd49afba-permute_candidate_sm86_release_v1,permute.anchor.zipf10.t512_e64_top2_k256,token_permute,cuda_atomic_vectorized_256,L1_kernel_body,warm,5,5,150,10.2399997413,10.2399997413,35.37920080128498,13.905920057245467,13.528312575572446,0.972845559292837,False
20260802T185236Z-5cb9bd49afba-permute_candidate_sm86_release_v1,permute.anchor.zipf10.t512_e64_top2_k256,token_permute,cuda_atomic_vectorized_256,L2_operator_steady,warm,5,5,150,22.4767997861,21.385599672799998,34.053120017035,24.094186668596,7.127991923299997,0.29583866105721324,False
20260802T185236Z-5cb9bd49afba-permute_candidate_sm86_release_v1,permute.anchor.zipf10.t512_e64_top2_k256,token_permute,cuda_atomic_vectorized_64,L1_kernel_body,warm,5,5,150,9.21600032598,10.2399997413,44.595200195884985,13.892266762752534,11.175787217516945,0.8044610291735168,False
20260802T185236Z-5cb9bd49afba-permute_candidate_sm86_release_v1,permute.anchor.zipf10.t512_e64_top2_k256,token_permute,cuda_atomic_vectorized_64,L2_operator_steady,warm,5,5,150,15.2576006949,15.82079976795,32.51712024213499,17.660586689902132,5.568522590286675,0.31530790500128814,False
20260802T185236Z-5cb9bd49afba-permute_candidate_sm86_release_v1,permute.anchor.zipf10.t512_e64_top2_k256,token_permute,cuda_block_partial,L1_kernel_body,warm,5,5,150,13.31199985,13.31199985,63.02719898522999,20.131840116028666,16.09812691953841,0.7996351464524757,False
20260802T185236Z-5cb9bd49afba-permute_candidate_sm86_release_v1,permute.anchor.zipf10.t512_e64_top2_k256,token_permute,cuda_block_partial,L2_operator_steady,warm,5,5,150,23.7568005919,23.7568005919,29.352959990504996,24.26129060984,3.0900398388912884,0.1273650230972468,False
20260802T185236Z-5cb9bd49afba-permute_candidate_sm86_release_v1,permute.anchor.zipf10.t512_e64_top2_k256,token_permute,cuda_naive,L1_kernel_body,warm,5,5,150,9.74399968982,10.2399997413,12.2880004346,12.327893332887534,16.57232214054637,1.3442947382044448,True
20260802T185236Z-5cb9bd49afba-permute_candidate_sm86_release_v1,permute.anchor.zipf10.t512_e64_top2_k256,token_permute,cuda_naive,L2_operator_steady,warm,5,5,150,17.3056006432,17.920000106099998,45.885440707224994,21.964800025029334,10.655294516151491,0.4851077407492701,True
20260802T185236Z-5cb9bd49afba-permute_candidate_sm86_release_v1,permute.anchor.zipf10.t512_e64_top2_k256,token_permute,cuda_token_owned_top2,L1_kernel_body,warm,5,5,150,8.19199997932,8.19199997932,11.827200278629983,10.0693334266556,7.31704359689623,0.7266661343765326,False
20260802T185236Z-5cb9bd49afba-permute_candidate_sm86_release_v1,permute.anchor.zipf10.t512_e64_top2_k256,token_permute,cuda_token_owned_top2,L2_operator_steady,warm,5,5,150,18.4320002794,18.534399569,32.0511996746,21.559104000523998,7.3988075222770675,0.34318715295854774,False
20260802T185236Z-5cb9bd49afba-permute_candidate_sm86_release_v1,permute.anchor.zipf14.t512_e64_top2_k256,token_permute,cuda_atomic_vectorized_128,L1_kernel_body,warm,5,5,150,9.21600032598,9.21600032598,11.264000088,9.690240075190333,3.6857036177607014,0.3803521470223541,False
20260802T185236Z-5cb9bd49afba-permute_candidate_sm86_release_v1,permute.anchor.zipf14.t512_e64_top2_k256,token_permute,cuda_atomic_vectorized_128,L2_operator_steady,warm,5,5,150,29.183998704,27.238400280500002,33.950719237335,24.50412806371933,9.008181873216746,0.36761895178609544,False
20260802T185236Z-5cb9bd49afba-permute_candidate_sm86_release_v1,permute.anchor.zipf14.t512_e64_top2_k256,token_permute,cuda_atomic_vectorized_256,L1_kernel_body,warm,5,5,150,10.2399997413,10.2399997413,12.2880004346,10.51989336808,2.752501409462165,0.26164727275791083,False
20260802T185236Z-5cb9bd49afba-permute_candidate_sm86_release_v1,permute.anchor.zipf14.t512_e64_top2_k256,token_permute,cuda_atomic_vectorized_256,L2_operator_steady,warm,5,5,150,17.1008005738,18.2783998549,30.673921108235,21.951829383768,12.904028415183111,0.5878338515479183,False
20260802T185236Z-5cb9bd49afba-permute_candidate_sm86_release_v1,permute.anchor.zipf14.t512_e64_top2_k256,token_permute,cuda_atomic_vectorized_64,L1_kernel_body,warm,5,5,150,9.21600032598,9.21600032598,36.60799916829991,12.916053437318533,15.624771287509057,1.209717144895374,False
20260802T185236Z-5cb9bd49afba-permute_candidate_sm86_release_v1,permute.anchor.zipf14.t512_e64_top2_k256,token_permute,cuda_atomic_vectorized_64,L2_operator_steady,warm,5,5,150,17.5616003573,19.25120055675,55.260159671309964,24.248789325354,12.68568946844811,0.523147333181877,False
20260802T185236Z-5cb9bd49afba-permute_candidate_sm86_release_v1,permute.anchor.zipf14.t512_e64_top2_k256,token_permute,cuda_block_partial,L1_kernel_body,warm,5,5,150,13.31199985,13.31199985,65.17759971319994,25.668266806754,27.577283179038755,1.0743726246363638,False
20260802T185236Z-5cb9bd49afba-permute_candidate_sm86_release_v1,permute.anchor.zipf14.t512_e64_top2_k256,token_permute,cuda_block_partial,L2_operator_steady,warm,5,5,150,23.8591998816,26.184000074849997,57.216000556929984,33.064832071462,14.61881194953152,0.4421256977182383,False
20260802T185236Z-5cb9bd49afba-permute_candidate_sm86_release_v1,permute.anchor.zipf14.t512_e64_top2_k256,token_permute,cuda_naive,L1_kernel_body,warm,5,5,150,10.2399997413,10.2399997413,21.24800058082991,13.639680004364132,21.78989852290039,1.5975373700796884,True
20260802T185236Z-5cb9bd49afba-permute_candidate_sm86_release_v1,permute.anchor.zipf14.t512_e64_top2_k256,token_permute,cuda_naive,L2_operator_steady,warm,5,5,150,17.664000392,17.1520002186,23.915520310435,17.436671992142,3.853726519414421,0.22101273231217167,True
20260802T185236Z-5cb9bd49afba-permute_candidate_sm86_release_v1,permute.anchor.zipf14.t512_e64_top2_k256,token_permute,cuda_token_owned_top2,L1_kernel_body,warm,5,5,150,8.19199997932,9.21600032598,21.5039998293,11.393706658854,6.0387605268998685,0.5300084255027905,False
20260802T185236Z-5cb9bd49afba-permute_candidate_sm86_release_v1,permute.anchor.zipf14.t512_e64_top2_k256,token_permute,cuda_token_owned_top2,L2_operator_steady,warm,5,5,150,17.6639996469,18.32799986005,29.547519832824996,19.745109314717336,8.131631992355628,0.4118301835024324,False
20260802T185236Z-5cb9bd49afba-permute_candidate_sm86_release_v1,permute.anchor.zipf14.t512_e64_top2_k256.cold_scrub,token_permute,cuda_atomic_vectorized_128,L1_kernel_body,cold_scrub,5,5,150,11.264000088,11.264000088,13.31199985,12.083200135572667,3.673102049718852,0.3039842101849594,False
20260802T185236Z-5cb9bd49afba-permute_candidate_sm86_release_v1,permute.anchor.zipf14.t512_e64_top2_k256.cold_scrub,token_permute,cuda_atomic_vectorized_128,L2_operator_steady,cold_scrub,5,5,150,15.359999612,15.359999612,35.584000870614915,17.599146602051334,6.899041712740271,0.39201001439104594,False
20260802T185236Z-5cb9bd49afba-permute_candidate_sm86_release_v1,permute.anchor.zipf14.t512_e64_top2_k256.cold_scrub,token_permute,cuda_atomic_vectorized_256,L1_kernel_body,cold_scrub,5,5,150,11.7760002613,11.679999996,14.3360001966,12.422826737162,3.252867938059723,0.2618460360820296,False
20260802T185236Z-5cb9bd49afba-permute_candidate_sm86_release_v1,permute.anchor.zipf14.t512_e64_top2_k256.cold_scrub,token_permute,cuda_atomic_vectorized_256,L2_operator_steady,cold_scrub,5,5,150,15.359999612,15.359999612,21.04319967328498,16.609279941761333,4.635407347435625,0.2790853886314871,False
20260802T185236Z-5cb9bd49afba-permute_candidate_sm86_release_v1,permute.anchor.zipf14.t512_e64_top2_k256.cold_scrub,token_permute,cuda_atomic_vectorized_64,L1_kernel_body,cold_scrub,5,5,150,11.264000088,11.264000088,15.923199802629982,15.346346721049201,23.281231657797342,1.517053672836974,False
20260802T185236Z-5cb9bd49afba-permute_candidate_sm86_release_v1,permute.anchor.zipf14.t512_e64_top2_k256.cold_scrub,token_permute,cuda_atomic_vectorized_64,L2_operator_steady,cold_scrub,5,5,150,14.3360001966,14.3360001966,22.06720001998498,16.302079955727333,9.36387760020172,0.5743977225993149,False
20260802T185236Z-5cb9bd49afba-permute_candidate_sm86_release_v1,permute.anchor.zipf14.t512_e64_top2_k256.cold_scrub,token_permute,cuda_block_partial,L1_kernel_body,cold_scrub,5,5,150,15.359999612,15.359999612,42.08639934661497,19.870293252169333,12.152706244288783,0.6116017559510358,False
20260802T185236Z-5cb9bd49afba-permute_candidate_sm86_release_v1,permute.anchor.zipf14.t512_e64_top2_k256.cold_scrub,token_permute,cuda_block_partial,L2_operator_steady,cold_scrub,5,5,150,18.432000652,18.432000652,20.4799994826,18.875733291133997,1.0268401027800707,0.054400011217703596,False
20260802T185236Z-5cb9bd49afba-permute_candidate_sm86_release_v1,permute.anchor.zipf14.t512_e64_top2_k256.cold_scrub,token_permute,cuda_naive,L1_kernel_body,cold_scrub,5,5,150,12.2880004346,12.2880004346,16.3839999586,13.177600049720533,4.362360930504797,0.33104365848448347,True
20260802T185236Z-5cb9bd49afba-permute_candidate_sm86_release_v1,permute.anchor.zipf14.t512_e64_top2_k256.cold_scrub,token_permute,cuda_naive,L2_operator_steady,cold_scrub,5,5,150,15.8719997853,16.3839999586,34.56000052391491,17.940479976430666,7.681793059052215,0.4281821372195272,True
20260802T185236Z-5cb9bd49afba-permute_candidate_sm86_release_v1,permute.anchor.zipf14.t512_e64_top2_k256.cold_scrub,token_permute,cuda_token_owned_top2,L1_kernel_body,cold_scrub,5,5,150,11.264000088,11.264000088,22.332800179699817,15.3947731976672,22.88233372660141,1.4863703045699181,False
20260802T185236Z-5cb9bd49afba-permute_candidate_sm86_release_v1,permute.anchor.zipf14.t512_e64_top2_k256.cold_scrub,token_permute,cuda_token_owned_top2,L2_operator_steady,cold_scrub,5,5,150,14.3360001966,14.3360001966,100.09600333868887,25.934506735449336,44.3972989481254,1.711900650396395,False
20260802T185236Z-5cb9bd49afba-permute_candidate_sm86_release_v1,permute.chain_skew.zipf14.t128_e16_top2_k64,token_permute,cuda_atomic_vectorized_128,L1_kernel_body,warm,5,5,150,9.21600032598,8.19199997932,32.307199761284984,11.373866746827002,13.167606170956791,1.157707089774917,False
20260802T185236Z-5cb9bd49afba-permute_candidate_sm86_release_v1,permute.chain_skew.zipf14.t128_e16_top2_k64,token_permute,cuda_atomic_vectorized_128,L2_operator_steady,warm,5,5,150,18.1759998202,17.919999361,30.84288075568499,18.753535990912667,9.773052566060988,0.5211311920480852,False
20260802T185236Z-5cb9bd49afba-permute_candidate_sm86_release_v1,permute.chain_skew.zipf14.t128_e16_top2_k64,token_permute,cuda_atomic_vectorized_256,L1_kernel_body,warm,5,5,150,8.19199997932,8.19199997932,24.5760008693,10.4174934482836,10.967001435726312,1.0527485800850922,False
20260802T185236Z-5cb9bd49afba-permute_candidate_sm86_release_v1,permute.chain_skew.zipf14.t128_e16_top2_k64,token_permute,cuda_atomic_vectorized_256,L2_operator_steady,warm,5,5,150,15.7183997333,15.6672000885,21.420640274909996,16.219797338050732,4.0961664939762725,0.2525411636535616,False
20260802T185236Z-5cb9bd49afba-permute_candidate_sm86_release_v1,permute.chain_skew.zipf14.t128_e16_top2_k64,token_permute,cuda_atomic_vectorized_64,L1_kernel_body,warm,5,5,150,8.19199997932,8.19199997932,21.708799898629927,10.328746779513734,10.134280399644254,0.9811723160591768,False
20260802T185236Z-5cb9bd49afba-permute_candidate_sm86_release_v1,permute.chain_skew.zipf14.t128_e16_top2_k64,token_permute,cuda_atomic_vectorized_64,L2_operator_steady,warm,5,5,150,18.9439997077,20.5311998725,31.800320744535,23.429119954506,7.8129163842888545,0.3334703309155339,False
20260802T185236Z-5cb9bd49afba-permute_candidate_sm86_release_v1,permute.chain_skew.zipf14.t128_e16_top2_k64,token_permute,cuda_block_partial,L1_kernel_body,warm,5,5,150,12.2880004346,12.2880004346,58.470401167869966,19.913386808075334,26.252914404889733,1.3183550672677928,False
20260802T185236Z-5cb9bd49afba-permute_candidate_sm86_release_v1,permute.chain_skew.zipf14.t128_e16_top2_k64,token_permute,cuda_block_partial,L2_operator_steady,warm,5,5,150,25.548799336,25.582399964300002,33.085439950259996,26.153471966586,4.405684896159265,0.16845506790792528,False
20260802T185236Z-5cb9bd49afba-permute_candidate_sm86_release_v1,permute.chain_skew.zipf14.t128_e16_top2_k64,token_permute,cuda_naive,L1_kernel_body,warm,5,5,150,8.19199997932,8.19199997932,19.609599839884773,9.4958933722256,5.875174529333787,0.618706876650279,True
20260802T185236Z-5cb9bd49afba-permute_candidate_sm86_release_v1,permute.chain_skew.zipf14.t128_e16_top2_k64,token_permute,cuda_naive,L2_operator_steady,warm,5,5,150,27.1871998906,27.9552012682,32.6656013727,24.520704035956665,8.038912076491908,0.32784181337957546,True
20260802T185236Z-5cb9bd49afba-permute_candidate_sm86_release_v1,permute.chain_skew.zipf14.t128_e16_top2_k64,token_permute,cuda_token_owned_top2,L1_kernel_body,warm,5,5,150,8.19199997932,8.19199997932,41.06239899991496,12.918613441290667,19.911291989338057,1.5412870800590166,False
20260802T185236Z-5cb9bd49afba-permute_candidate_sm86_release_v1,permute.chain_skew.zipf14.t128_e16_top2_k64,token_permute,cuda_token_owned_top2,L2_operator_steady,warm,5,5,150,16.435199976,16.9983997941,28.5695999861,18.937173480788665,6.074540743667061,0.32077335880296737,False
20260802T185236Z-5cb9bd49afba-permute_candidate_sm86_release_v1,permute.chain_small.uniform.t64_e16_top2_k64.sorted_off,token_permute,cuda_atomic_vectorized_128,L1_kernel_body,warm,5,5,150,8.55999998748,8.20800010115,27.187199890629984,13.732906620328867,27.15299561825457,1.977221310021864,False
20260802T185236Z-5cb9bd49afba-permute_candidate_sm86_release_v1,permute.chain_small.uniform.t64_e16_top2_k64.sorted_off,token_permute,cuda_atomic_vectorized_128,L2_operator_steady,warm,5,5,150,22.6815998554,21.6576002538,66.3551986217,26.8090025981222,16.81614470807674,0.6272573791780902,False
20260802T185236Z-5cb9bd49afba-permute_candidate_sm86_release_v1,permute.chain_small.uniform.t64_e16_top2_k64.sorted_off,token_permute,cuda_atomic_vectorized_256,L1_kernel_body,warm,5,5,150,8.19199997932,8.19199997932,10.947200190284988,9.149013410013668,5.3401155503426425,0.5836821207954339,False
20260802T185236Z-5cb9bd49afba-permute_candidate_sm86_release_v1,permute.chain_small.uniform.t64_e16_top2_k64.sorted_off,token_permute,cuda_atomic_vectorized_256,L2_operator_steady,warm,5,5,150,16.7935997248,17.1520002186,32.005119323735,19.54389331738233,7.02774761037104,0.3595879027911273,False
20260802T185236Z-5cb9bd49afba-permute_candidate_sm86_release_v1,permute.chain_small.uniform.t64_e16_top2_k64.sorted_off,token_permute,cuda_atomic_vectorized_64,L1_kernel_body,warm,5,5,150,10.2399997413,10.2399997413,56.3200004399,17.838080038002932,23.63533704658859,1.3249933286673765,False
20260802T185236Z-5cb9bd49afba-permute_candidate_sm86_release_v1,permute.chain_small.uniform.t64_e16_top2_k64.sorted_off,token_permute,cuda_atomic_vectorized_64,L2_operator_steady,warm,5,5,150,17.7663996816,20.42879983785,32.1536004543,22.652245307965998,9.270170268876411,0.4092384725154119,False
20260802T185236Z-5cb9bd49afba-permute_candidate_sm86_release_v1,permute.chain_small.uniform.t64_e16_top2_k64.sorted_off,token_permute,cuda_block_partial,L1_kernel_body,warm,5,5,150,12.2880004346,12.2880004346,59.95520167052998,21.790720131244,16.059123480804153,0.7369707556281373,False
20260802T185236Z-5cb9bd49afba-permute_candidate_sm86_release_v1,permute.chain_small.uniform.t64_e16_top2_k64.sorted_off,token_permute,cuda_block_partial,L2_operator_steady,warm,5,5,150,25.6512001157,27.95519977805,73.62463951115001,38.359616001447996,22.494338971690457,0.5864067818312191,False
20260802T185236Z-5cb9bd49afba-permute_candidate_sm86_release_v1,permute.chain_small.uniform.t64_e16_top2_k64.sorted_off,token_permute,cuda_naive,L1_kernel_body,warm,5,5,150,8.54399986565,9.088000282645,46.18240073321496,19.1712001152346,43.421742357614306,2.2649464872628786,True
20260802T185236Z-5cb9bd49afba-permute_candidate_sm86_release_v1,permute.chain_small.uniform.t64_e16_top2_k64.sorted_off,token_permute,cuda_naive,L2_operator_steady,warm,5,5,150,18.1056000292,18.21120008825,29.399040341369997,19.308223903180668,6.248776536552857,0.323632902119158,True
20260802T185236Z-5cb9bd49afba-permute_candidate_sm86_release_v1,permute.chain_small.uniform.t64_e16_top2_k64.sorted_off,token_permute,cuda_token_owned_top2,L1_kernel_body,warm,5,5,150,8.19199997932,8.19199997932,32.307199761284984,11.694079988326132,9.261602972132753,0.791990732180586,False
20260802T185236Z-5cb9bd49afba-permute_candidate_sm86_release_v1,permute.chain_small.uniform.t64_e16_top2_k64.sorted_off,token_permute,cuda_token_owned_top2,L2_operator_steady,warm,5,5,150,15.820799768,17.18560010195,27.952320575694998,18.695061291252934,5.983848332444493,0.3200764222818688,False
20260802T185236Z-5cb9bd49afba-permute_candidate_sm86_release_v1,permute.chain_small.uniform.t64_e16_top2_k64.sorted_on,token_permute,cuda_atomic_vectorized_128,L1_kernel_body,warm,5,5,150,8.19199997932,8.19199997932,11.827200278629983,9.898666733256134,6.40434493321434,0.6469906610450812,False
20260802T185236Z-5cb9bd49afba-permute_candidate_sm86_release_v1,permute.chain_small.uniform.t64_e16_top2_k64.sorted_on,token_permute,cuda_atomic_vectorized_128,L2_operator_steady,warm,5,5,150,16.8448001146,17.7151992917,26.823679655794987,18.116607944170802,6.0758274423023995,0.3353733469878039,False
20260802T185236Z-5cb9bd49afba-permute_candidate_sm86_release_v1,permute.chain_small.uniform.t64_e16_top2_k64.sorted_on,token_permute,cuda_atomic_vectorized_256,L1_kernel_body,warm,5,5,150,8.19199997932,8.19199997932,10.803199931984981,10.990933422002268,17.274839522877635,1.5717354349809718,False
20260802T185236Z-5cb9bd49afba-permute_candidate_sm86_release_v1,permute.chain_small.uniform.t64_e16_top2_k64.sorted_on,token_permute,cuda_atomic_vectorized_256,L2_operator_steady,warm,5,5,150,15.5647993088,15.15519991515,18.693119958079997,15.235071967043865,2.898332896009897,0.19024084049484635,False
20260802T185236Z-5cb9bd49afba-permute_candidate_sm86_release_v1,permute.chain_small.uniform.t64_e16_top2_k64.sorted_on,token_permute,cuda_atomic_vectorized_64,L1_kernel_body,warm,5,5,150,8.19199997932,8.19199997932,52.2239990532,15.783466699841735,17.55997603581642,1.1125550786629466,False
20260802T185236Z-5cb9bd49afba-permute_candidate_sm86_release_v1,permute.chain_small.uniform.t64_e16_top2_k64.sorted_on,token_permute,cuda_atomic_vectorized_64,L2_operator_steady,warm,5,5,150,15.4112003744,16.0768002272,29.091839343314994,18.432682663202733,6.694282025824108,0.36317459309316596,False
20260802T185236Z-5cb9bd49afba-permute_candidate_sm86_release_v1,permute.chain_small.uniform.t64_e16_top2_k64.sorted_on,token_permute,cuda_block_partial,L1_kernel_body,warm,5,5,150,13.31199985,13.31199985,58.931201323884984,25.455360058688665,16.976597395992332,0.6669164119797126,False
20260802T185236Z-5cb9bd49afba-permute_candidate_sm86_release_v1,permute.chain_small.uniform.t64_e16_top2_k64.sorted_on,token_permute,cuda_block_partial,L2_operator_steady,warm,5,5,150,24.1663999856,28.4671992064,57.30304062368998,37.229226758092004,23.60125026235614,0.6339441432859269,False
20260802T185236Z-5cb9bd49afba-permute_candidate_sm86_release_v1,permute.chain_small.uniform.t64_e16_top2_k64.sorted_on,token_permute,cuda_naive,L1_kernel_body,warm,5,5,150,8.19199997932,8.19199997932,19.455999136,10.117120078456267,8.109597416014179,0.801571727243114,True
20260802T185236Z-5cb9bd49afba-permute_candidate_sm86_release_v1,permute.chain_small.uniform.t64_e16_top2_k64.sorted_on,token_permute,cuda_naive,L2_operator_steady,warm,5,5,150,17.4592003226,18.6368003488,28.940319418925,21.019541333119466,6.543084228899789,0.31128577570768257,True
20260802T185236Z-5cb9bd49afba-permute_candidate_sm86_release_v1,permute.chain_small.uniform.t64_e16_top2_k64.sorted_on,token_permute,cuda_token_owned_top2,L1_kernel_body,warm,5,5,150,8.19199997932,8.19199997932,11.721599986799985,9.168213394781334,5.683176885737503,0.6198783384527722,False
20260802T185236Z-5cb9bd49afba-permute_candidate_sm86_release_v1,permute.chain_small.uniform.t64_e16_top2_k64.sorted_on,token_permute,cuda_token_owned_top2,L2_operator_steady,warm,5,5,150,15.3600007296,15.4624000192,20.63871987168,15.508138666550067,2.70482152980291,0.1744130348561439,False
20260802T185236Z-5cb9bd49afba-permute_candidate_sm86_release_v1,permute.generic_topk.uniform.t128_e8_top4_k64,token_permute,cuda_atomic_vectorized_128,L1_kernel_body,warm,5,5,150,8.19199997932,8.19199997932,9.21600032598,9.9876267059434,15.153073037211412,1.5171845607920225,False
20260802T185236Z-5cb9bd49afba-permute_candidate_sm86_release_v1,permute.generic_topk.uniform.t128_e8_top4_k64,token_permute,cuda_atomic_vectorized_128,L2_operator_steady,warm,5,5,150,15.6672000885,16.0768002272,28.5695999861,17.541802724200934,5.776049315404006,0.3292734165477349,False
20260802T185236Z-5cb9bd49afba-permute_candidate_sm86_release_v1,permute.generic_topk.uniform.t128_e8_top4_k64,token_permute,cuda_atomic_vectorized_256,L1_kernel_body,warm,5,5,150,9.72800003365,10.2399997413,29.33759959411495,12.561066771542267,11.58986269936441,0.9226814019985812,False
20260802T185236Z-5cb9bd49afba-permute_candidate_sm86_release_v1,permute.generic_topk.uniform.t128_e8_top4_k64,token_permute,cuda_atomic_vectorized_256,L2_operator_steady,warm,5,5,150,15.6159996986,16.6400000453,30.469119548789998,19.148799965775332,6.372429256937959,0.33278478381556065,False
20260802T185236Z-5cb9bd49afba-permute_candidate_sm86_release_v1,permute.generic_topk.uniform.t128_e8_top4_k64,token_permute,cuda_atomic_vectorized_64,L1_kernel_body,warm,5,5,150,8.19199997932,8.19199997932,9.21600032598,10.1100800465798,16.729437544047997,1.6547284954195294,False
20260802T185236Z-5cb9bd49afba-permute_candidate_sm86_release_v1,permute.generic_topk.uniform.t128_e8_top4_k64,token_permute,cuda_atomic_vectorized_64,L2_operator_steady,warm,5,5,150,28.6208003759,28.2624006271,38.88639941811999,27.6555093030156,10.35458654916971,0.3744131570934631,False
20260802T185236Z-5cb9bd49afba-permute_candidate_sm86_release_v1,permute.generic_topk.uniform.t128_e8_top4_k64,token_permute,cuda_block_partial,L1_kernel_body,warm,5,5,150,13.31199985,13.31199985,60.97919996826998,29.341013692314004,27.1620671381426,0.92573717537434,False
20260802T185236Z-5cb9bd49afba-permute_candidate_sm86_release_v1,permute.generic_topk.uniform.t128_e8_top4_k64,token_permute,cuda_block_partial,L2_operator_steady,warm,5,5,150,23.0399996042,22.988799959399998,28.113919496534997,24.549290676916,16.438946148649286,0.6696301887087527,False
20260802T185236Z-5cb9bd49afba-permute_candidate_sm86_release_v1,permute.generic_topk.uniform.t128_e8_top4_k64,token_permute,cuda_naive,L1_kernel_body,warm,5,5,150,9.21600032598,9.21600032598,36.24959904699986,13.6465066888724,20.67685542466044,1.515175707312752,True
20260802T185236Z-5cb9bd49afba-permute_candidate_sm86_release_v1,permute.generic_topk.uniform.t128_e8_top4_k64,token_permute,cuda_naive,L2_operator_steady,warm,5,5,150,16.057600081,16.7935997248,27.704319357834997,20.119743908440665,18.49308417840682,0.919151071830918,True
20260802T185236Z-5cb9bd49afba-permute_candidate_sm86_release_v1,permute.generic_topk.uniform.t128_e8_top4_k64,token_permute,cuda_token_owned_top2,L1_kernel_body,warm,5,5,150,8.19199997932,8.19199997932,19.455999136,10.151253426450934,7.279227576185838,0.7170767264285304,False
20260802T185236Z-5cb9bd49afba-permute_candidate_sm86_release_v1,permute.generic_topk.uniform.t128_e8_top4_k64,token_permute,cuda_token_owned_top2,L2_operator_steady,warm,5,5,150,28.5183995962,28.4671992064,31.800320744535,28.78914129734,1.7545412012548511,0.06094454791595204,False
20260802T185236Z-5cb9bd49afba-permute_candidate_sm86_release_v1,permute.large.single_hot.t2048_e64_top2_k256,token_permute,cuda_atomic_vectorized_128,L1_kernel_body,warm,5,5,150,18.432000652,18.432000652,28.87679943814493,20.302506772202666,8.284277508308687,0.4080421004785069,False
20260802T185236Z-5cb9bd49afba-permute_candidate_sm86_release_v1,permute.large.single_hot.t2048_e64_top2_k256,token_permute,cuda_atomic_vectorized_128,L2_operator_steady,warm,5,5,150,22.1184000373,22.1184000373,53.4528017044,28.160682598753333,21.005756622038085,0.745924980631258,False
20260802T185236Z-5cb9bd49afba-permute_candidate_sm86_release_v1,permute.large.single_hot.t2048_e64_top2_k256,token_permute,cuda_atomic_vectorized_256,L1_kernel_body,warm,5,5,150,20.991999656,21.5039998293,101.28960013400985,32.84693304449333,31.236160697527577,0.9509612558108893,False
20260802T185236Z-5cb9bd49afba-permute_candidate_sm86_release_v1,permute.large.single_hot.t2048_e64_top2_k256,token_permute,cuda_atomic_vectorized_256,L2_operator_steady,warm,5,5,150,21.0943996906,24.3712000549,52.40319967272998,28.90683735410533,11.347291186704874,0.3925469620803515,False
20260802T185236Z-5cb9bd49afba-permute_candidate_sm86_release_v1,permute.large.single_hot.t2048_e64_top2_k256,token_permute,cuda_atomic_vectorized_64,L1_kernel_body,warm,5,5,150,17.4080003053,17.4080003053,28.16000003371483,20.480000146979332,14.700018409612618,0.717774331255597,False
20260802T185236Z-5cb9bd49afba-permute_candidate_sm86_release_v1,permute.large.single_hot.t2048_e64_top2_k256,token_permute,cuda_atomic_vectorized_64,L2_operator_steady,warm,5,5,150,21.606400609,22.1695996821,28.897280842084996,22.338624030353333,3.4424251858549306,0.15410193488987609,False
20260802T185236Z-5cb9bd49afba-permute_candidate_sm86_release_v1,permute.large.single_hot.t2048_e64_top2_k256,token_permute,cuda_block_partial,L1_kernel_body,warm,5,5,150,19.9679993093,20.4799994826,67.66880042853496,34.96255971489467,86.91884666599574,2.4860550078364767,False
20260802T185236Z-5cb9bd49afba-permute_candidate_sm86_release_v1,permute.large.single_hot.t2048_e64_top2_k256,token_permute,cuda_block_partial,L2_operator_steady,warm,5,5,150,31.4879998565,33.9967995882,89.15455937386,44.02995192011533,19.77061763162682,0.4490265550936135,False
20260802T185236Z-5cb9bd49afba-permute_candidate_sm86_release_v1,permute.large.single_hot.t2048_e64_top2_k256,token_permute,cuda_naive,L1_kernel_body,warm,5,5,150,19.455999136,19.455999136,20.4799994826,19.592532875659334,1.8757811481143525,0.09573959426372677,True
20260802T185236Z-5cb9bd49afba-permute_candidate_sm86_release_v1,permute.large.single_hot.t2048_e64_top2_k256,token_permute,cuda_naive,L2_operator_steady,warm,5,5,150,26.8799990416,26.9311994314,40.867839604615,27.600213398536663,6.016795676895558,0.21799815784085796,True
20260802T185236Z-5cb9bd49afba-permute_candidate_sm86_release_v1,permute.large.single_hot.t2048_e64_top2_k256,token_permute,cuda_token_owned_top2,L1_kernel_body,warm,5,5,150,17.4080003053,17.4080003053,19.455999136,18.589013541752664,6.519094689875803,0.35069610742029456,False
20260802T185236Z-5cb9bd49afba-permute_candidate_sm86_release_v1,permute.large.single_hot.t2048_e64_top2_k256,token_permute,cuda_token_owned_top2,L2_operator_steady,warm,5,5,150,22.0159992576,21.606400609,38.865920901335,23.98958933354,7.064035516747979,0.29446254450349035,False
20260802T185236Z-5cb9bd49afba-permute_candidate_sm86_release_v1,permute.large.uniform.t2048_e64_top2_k256,token_permute,cuda_atomic_vectorized_128,L1_kernel_body,warm,5,5,150,18.432000652,18.432000652,43.0079996586,31.240106442336,88.36041127297617,2.828428623829265,False
20260802T185236Z-5cb9bd49afba-permute_candidate_sm86_release_v1,permute.large.uniform.t2048_e64_top2_k256,token_permute,cuda_atomic_vectorized_128,L2_operator_steady,warm,5,5,150,25.7024005055,23.9616006613,34.84671980144499,25.664170692371332,10.318624981453677,0.4020634488891116,False
20260802T185236Z-5cb9bd49afba-permute_candidate_sm86_release_v1,permute.large.uniform.t2048_e64_top2_k256,token_permute,cuda_atomic_vectorized_256,L1_kernel_body,warm,5,5,150,21.5039998293,21.5039998293,49.71040040254975,25.520213233936666,19.00482506145392,0.7446969540278523,False
20260802T185236Z-5cb9bd49afba-permute_candidate_sm86_release_v1,permute.large.uniform.t2048_e64_top2_k256,token_permute,cuda_atomic_vectorized_256,L2_operator_steady,warm,5,5,150,25.6512001157,25.4976004362,39.33695957063498,26.483370651808,5.835393126864104,0.2203417836643738,False
20260802T185236Z-5cb9bd49afba-permute_candidate_sm86_release_v1,permute.large.uniform.t2048_e64_top2_k256,token_permute,cuda_atomic_vectorized_64,L1_kernel_body,warm,5,5,150,17.4080003053,17.4080003053,22.499199956669997,18.584960109237333,6.6707363129133475,0.358931968306877,False
20260802T185236Z-5cb9bd49afba-permute_candidate_sm86_release_v1,permute.large.uniform.t2048_e64_top2_k256,token_permute,cuda_atomic_vectorized_64,L2_operator_steady,warm,5,5,150,23.6543998122,22.3232001066,39.23967912792999,25.561770598094665,10.31405788339812,0.40349544034195006,False
20260802T185236Z-5cb9bd49afba-permute_candidate_sm86_release_v1,permute.large.uniform.t2048_e64_top2_k256,token_permute,cuda_block_partial,L1_kernel_body,warm,5,5,150,19.455999136,20.4799994826,67.5840005279,26.33045297116867,24.968341272040593,0.9482685808474484,False
20260802T185236Z-5cb9bd49afba-permute_candidate_sm86_release_v1,permute.large.uniform.t2048_e64_top2_k256,token_permute,cuda_block_partial,L2_operator_steady,warm,5,5,150,31.8463996053,33.484800159900004,66.7648017406,38.19298139214467,14.76143581786705,0.38649603355927337,False
20260802T185236Z-5cb9bd49afba-permute_candidate_sm86_release_v1,permute.large.uniform.t2048_e64_top2_k256,token_permute,cuda_naive,L1_kernel_body,warm,5,5,150,18.432000652,19.4399999455,21.5039998293,19.651626609280665,3.7890315286031737,0.19281007134614334,True
20260802T185236Z-5cb9bd49afba-permute_candidate_sm86_release_v1,permute.large.uniform.t2048_e64_top2_k256,token_permute,cuda_naive,L2_operator_steady,warm,5,5,150,28.5695999861,28.9792001247,41.26512020826,29.529834608237998,5.826440623255605,0.19730691690464772,True
20260802T185236Z-5cb9bd49afba-permute_candidate_sm86_release_v1,permute.large.uniform.t2048_e64_top2_k256,token_permute,cuda_token_owned_top2,L1_kernel_body,warm,5,5,150,17.4080003053,17.4080003053,33.7920002639,20.664320078994667,15.149696296177277,0.7331330640574515,False
20260802T185236Z-5cb9bd49afba-permute_candidate_sm86_release_v1,permute.large.uniform.t2048_e64_top2_k256,token_permute,cuda_token_owned_top2,L2_operator_steady,warm,5,5,150,21.4528001845,21.5039998293,38.5024011135,23.642794658741998,6.711479987798127,0.2838699944177934,False
20260802T185236Z-5cb9bd49afba-permute_candidate_sm86_release_v1,permute.medium.uniform.t512_e64_top2_k128,token_permute,cuda_atomic_vectorized_128,L1_kernel_body,warm,5,5,150,9.21600032598,9.21600032598,12.2880004346,10.470186742020866,5.7465605895925105,0.5488498659273539,False
20260802T185236Z-5cb9bd49afba-permute_candidate_sm86_release_v1,permute.medium.uniform.t512_e64_top2_k128,token_permute,cuda_atomic_vectorized_128,L2_operator_steady,warm,5,5,150,16.9472001493,16.7935997248,34.6112012863,20.363733261826,7.923445420539318,0.38909591471582794,False
20260802T185236Z-5cb9bd49afba-permute_candidate_sm86_release_v1,permute.medium.uniform.t512_e64_top2_k128,token_permute,cuda_atomic_vectorized_256,L1_kernel_body,warm,5,5,150,9.21600032598,9.21600032598,11.264000088,9.4890667684368,1.3307622442764104,0.14024163563722464,False
20260802T185236Z-5cb9bd49afba-permute_candidate_sm86_release_v1,permute.medium.uniform.t512_e64_top2_k128,token_permute,cuda_atomic_vectorized_256,L2_operator_steady,warm,5,5,150,18.534399569,20.5311998725,30.525439977625,23.375295986734,17.536584980628433,0.7502187347950946,False
20260802T185236Z-5cb9bd49afba-permute_candidate_sm86_release_v1,permute.medium.uniform.t512_e64_top2_k128,token_permute,cuda_atomic_vectorized_64,L1_kernel_body,warm,5,5,150,8.19199997932,9.15199983865,10.785599797949983,9.520000029977467,3.5996188360556736,0.3781112210841236,False
20260802T185236Z-5cb9bd49afba-permute_candidate_sm86_release_v1,permute.medium.uniform.t512_e64_top2_k128,token_permute,cuda_atomic_vectorized_64,L2_operator_steady,warm,5,5,150,17.7152000368,17.76639968155,41.60000026224997,20.899157370132667,9.868069209735102,0.4721754583195648,False
20260802T185236Z-5cb9bd49afba-permute_candidate_sm86_release_v1,permute.medium.uniform.t512_e64_top2_k128,token_permute,cuda_block_partial,L1_kernel_body,warm,5,5,150,13.31199985,13.31199985,59.95520167052998,21.606400118518,23.57328697917212,1.0910326037593083,False
20260802T185236Z-5cb9bd49afba-permute_candidate_sm86_release_v1,permute.medium.uniform.t512_e64_top2_k128,token_permute,cuda_block_partial,L2_operator_steady,warm,5,5,150,31.6415995359,31.18079900745,56.273919343935,36.73087977369733,13.184347380396744,0.35894450287133994,False
20260802T185236Z-5cb9bd49afba-permute_candidate_sm86_release_v1,permute.medium.uniform.t512_e64_top2_k128,token_permute,cuda_naive,L1_kernel_body,warm,5,5,150,10.2399997413,9.21600032598,11.264000088,10.4243200023928,7.248560313010378,0.6953509016747895,True
20260802T185236Z-5cb9bd49afba-permute_candidate_sm86_release_v1,permute.medium.uniform.t512_e64_top2_k128,token_permute,cuda_naive,L2_operator_steady,warm,5,5,150,16.3840003312,16.6912004352,33.14176037909499,20.639744088052666,17.830423311496528,0.8638878096273337,True
20260802T185236Z-5cb9bd49afba-permute_candidate_sm86_release_v1,permute.medium.uniform.t512_e64_top2_k128,token_permute,cuda_token_owned_top2,L1_kernel_body,warm,5,5,150,9.21600032598,8.19199997932,11.827200278629983,9.556480071817868,5.684964578092621,0.5948805978110732,False
20260802T185236Z-5cb9bd49afba-permute_candidate_sm86_release_v1,permute.medium.uniform.t512_e64_top2_k128,token_permute,cuda_token_owned_top2,L2_operator_steady,warm,5,5,150,17.4079999328,18.4320002794,32.209920883189994,20.73395207524067,6.575767682097533,0.3171497483082325,False
20260802T185236Z-5cb9bd49afba-permute_candidate_sm86_release_v1,permute.non_vector_tail.zipf14.t512_e64_top2_k257,token_permute,cuda_atomic_vectorized_128,L1_kernel_body,warm,5,5,150,9.21600032598,9.21600032598,13.31199985,10.3549867433774,4.216003800682883,0.40714719440652647,False
20260802T185236Z-5cb9bd49afba-permute_candidate_sm86_release_v1,permute.non_vector_tail.zipf14.t512_e64_top2_k257,token_permute,cuda_atomic_vectorized_128,L2_operator_steady,warm,5,5,150,18.6368003488,19.40480023625,45.6703990698,25.713322584833335,11.572366732686355,0.4500533408122124,False
20260802T185236Z-5cb9bd49afba-permute_candidate_sm86_release_v1,permute.non_vector_tail.zipf14.t512_e64_top2_k257,token_permute,cuda_atomic_vectorized_256,L1_kernel_body,warm,5,5,150,10.2399997413,10.2399997413,12.2880004346,11.209386736157066,5.523005429654075,0.49271254169856016,False
20260802T185236Z-5cb9bd49afba-permute_candidate_sm86_release_v1,permute.non_vector_tail.zipf14.t512_e64_top2_k257,token_permute,cuda_atomic_vectorized_256,L2_operator_steady,warm,5,5,150,17.2031998634,17.4079999328,21.66272021828,17.739093293746667,2.5677547861472143,0.1447511856230212,False
20260802T185236Z-5cb9bd49afba-permute_candidate_sm86_release_v1,permute.non_vector_tail.zipf14.t512_e64_top2_k257,token_permute,cuda_atomic_vectorized_64,L1_kernel_body,warm,5,5,150,10.2399997413,10.2399997413,42.54719950258498,14.412800079824668,11.083648118668673,0.7690142135658837,False
20260802T185236Z-5cb9bd49afba-permute_candidate_sm86_release_v1,permute.non_vector_tail.zipf14.t512_e64_top2_k257,token_permute,cuda_atomic_vectorized_64,L2_operator_steady,warm,5,5,150,16.5376000106,16.84480011465,20.84351994098,16.928768048686,2.531063950480681,0.14951258964630568,False
20260802T185236Z-5cb9bd49afba-permute_candidate_sm86_release_v1,permute.non_vector_tail.zipf14.t512_e64_top2_k257,token_permute,cuda_block_partial,L1_kernel_body,warm,5,5,150,13.31199985,13.31199985,60.97919996826998,23.381333375978,17.852647192223905,0.7635427332200707,False
20260802T185236Z-5cb9bd49afba-permute_candidate_sm86_release_v1,permute.non_vector_tail.zipf14.t512_e64_top2_k257,token_permute,cuda_block_partial,L2_operator_steady,warm,5,5,150,25.4976004362,25.85600018505,52.84863978625,30.547285377980668,11.155668254377565,0.3651934408030535,False
20260802T185236Z-5cb9bd49afba-permute_candidate_sm86_release_v1,permute.non_vector_tail.zipf14.t512_e64_top2_k257,token_permute,cuda_naive,L1_kernel_body,warm,5,5,150,10.2399997413,11.264000088,52.48000081628474,15.6194134304872,13.69568832417882,0.8768375576413451,True
20260802T185236Z-5cb9bd49afba-permute_candidate_sm86_release_v1,permute.non_vector_tail.zipf14.t512_e64_top2_k257,token_permute,cuda_naive,L2_operator_steady,warm,5,5,150,18.6368003488,20.1728001237,34.0992003679,23.649557391803334,7.963632121221964,0.3367349328906285,True
20260802T185236Z-5cb9bd49afba-permute_candidate_sm86_release_v1,permute.non_vector_tail.zipf14.t512_e64_top2_k257,token_permute,cuda_token_owned_top2,L1_kernel_body,warm,5,5,150,9.21600032598,9.21600032598,42.39360112699986,15.175680074215867,27.456969221749127,1.8092743842432273,False
20260802T185236Z-5cb9bd49afba-permute_candidate_sm86_release_v1,permute.non_vector_tail.zipf14.t512_e64_top2_k257,token_permute,cuda_token_owned_top2,L2_operator_steady,warm,5,5,150,16.5888004005,18.534399569,33.244159817705,22.895253360274,11.712426622364465,0.5115657135590788,False
20260802T185236Z-5cb9bd49afba-permute_candidate_sm86_release_v1,permute.tail.zipf10.t17_e8_top2_k19,token_permute,cuda_atomic_vectorized_128,L1_kernel_body,warm,5,5,150,8.19199997932,8.19199997932,11.264000088,8.970240047202934,3.6399899263717477,0.40578511915149423,False
20260802T185236Z-5cb9bd49afba-permute_candidate_sm86_release_v1,permute.tail.zipf10.t17_e8_top2_k19,token_permute,cuda_atomic_vectorized_128,L2_operator_steady,warm,5,5,150,15.9743994474,16.8960005045,28.1599998474,19.592533285414067,11.818702871793072,0.6032248458953324,False
20260802T185236Z-5cb9bd49afba-permute_candidate_sm86_release_v1,permute.tail.zipf10.t17_e8_top2_k19,token_permute,cuda_atomic_vectorized_256,L1_kernel_body,warm,5,5,150,8.19199997932,8.19199997932,49.71519988026998,15.592106714222801,20.129574637637802,1.2910105739127615,False
20260802T185236Z-5cb9bd49afba-permute_candidate_sm86_release_v1,permute.tail.zipf10.t17_e8_top2_k19,token_permute,cuda_atomic_vectorized_256,L2_operator_steady,warm,5,5,150,16.0767994821,16.6912004352,27.80672013759,18.0510719368842,5.411929459985688,0.2998120820142188,False
20260802T185236Z-5cb9bd49afba-permute_candidate_sm86_release_v1,permute.tail.zipf10.t17_e8_top2_k19,token_permute,cuda_atomic_vectorized_64,L1_kernel_body,warm,5,5,150,9.21600032598,9.21600032598,52.326399087914965,16.950613313043203,28.693821226255434,1.692789558486125,False
20260802T185236Z-5cb9bd49afba-permute_candidate_sm86_release_v1,permute.tail.zipf10.t17_e8_top2_k19,token_permute,cuda_atomic_vectorized_64,L2_operator_steady,warm,5,5,150,27.3919999599,27.3407995701,61.214721202834724,28.180480142430334,20.668548418375835,0.7334349277908842,False
20260802T185236Z-5cb9bd49afba-permute_candidate_sm86_release_v1,permute.tail.zipf10.t17_e8_top2_k19,token_permute,cuda_block_partial,L1_kernel_body,warm,5,5,150,12.2880004346,12.2880004346,64.15359936654495,23.046826831989335,19.332999435189105,0.8388573219266184,False
20260802T185236Z-5cb9bd49afba-permute_candidate_sm86_release_v1,permute.tail.zipf10.t17_e8_top2_k19,token_permute,cuda_block_partial,L2_operator_steady,warm,5,5,150,48.6911997199,48.6400008202,54.95296120645999,40.84189857045734,13.944141630169996,0.34141756672047513,False
20260802T185236Z-5cb9bd49afba-permute_candidate_sm86_release_v1,permute.tail.zipf10.t17_e8_top2_k19,token_permute,cuda_naive,L1_kernel_body,warm,5,5,150,8.19199997932,8.19199997932,11.264000088,11.455146729324133,19.017892566932836,1.6602050603375305,True
20260802T185236Z-5cb9bd49afba-permute_candidate_sm86_release_v1,permute.tail.zipf10.t17_e8_top2_k19,token_permute,cuda_naive,L2_operator_steady,warm,5,5,150,16.2303999066,16.5887996554,28.421120196624997,19.986090625323,19.26578443679807,0.9639596256202161,True
20260802T185236Z-5cb9bd49afba-permute_candidate_sm86_release_v1,permute.tail.zipf10.t17_e8_top2_k19,token_permute,cuda_token_owned_top2,L1_kernel_body,warm,5,5,150,8.19199997932,8.19199997932,19.609599839884773,9.693866716700267,7.993907213065815,0.8246355604718787,False
20260802T185236Z-5cb9bd49afba-permute_candidate_sm86_release_v1,permute.tail.zipf10.t17_e8_top2_k19,token_permute,cuda_token_owned_top2,L2_operator_steady,warm,5,5,150,23.9104002714,23.91040027145,28.897280842084996,22.971050699554535,14.02776241303826,0.6106713444026438,False
20260802T185236Z-5cb9bd49afba-permute_candidate_sm86_release_v1,permute.tiny.single_hot.t1_e8_top2_k19,token_permute,cuda_atomic_vectorized_128,L1_kernel_body,warm,5,5,150,8.19199997932,8.19199997932,41.52319915592999,11.134293411548267,9.726236869020417,0.8735387607921808,False
20260802T185236Z-5cb9bd49afba-permute_candidate_sm86_release_v1,permute.tiny.single_hot.t1_e8_top2_k19,token_permute,cuda_atomic_vectorized_128,L2_operator_steady,warm,5,5,150,15.1551999152,15.2575999498,29.9008011818,19.8922239790354,23.44904404240981,1.1788045452898064,False
20260802T185236Z-5cb9bd49afba-permute_candidate_sm86_release_v1,permute.tiny.single_hot.t1_e8_top2_k19,token_permute,cuda_atomic_vectorized_256,L1_kernel_body,warm,5,5,150,8.59200023115,8.38399957865,42.649599537244946,14.502399954938934,19.248392301994617,1.327255651602643,False
20260802T185236Z-5cb9bd49afba-permute_candidate_sm86_release_v1,permute.tiny.single_hot.t1_e8_top2_k19,token_permute,cuda_atomic_vectorized_256,L2_operator_steady,warm,5,5,150,15.4624000192,16.748800128699997,27.7503997087,18.113898585234335,5.578636490254834,0.3079754733087828,False
20260802T185236Z-5cb9bd49afba-permute_candidate_sm86_release_v1,permute.tiny.single_hot.t1_e8_top2_k19,token_permute,cuda_atomic_vectorized_64,L1_kernel_body,warm,5,5,150,8.19199997932,8.19199997932,11.264000088,9.065813406683999,4.94269526440787,0.5452015216597933,False
20260802T185236Z-5cb9bd49afba-permute_candidate_sm86_release_v1,permute.tiny.single_hot.t1_e8_top2_k19,token_permute,cuda_atomic_vectorized_64,L2_operator_steady,warm,5,5,150,27.8528004885,26.98239982125,47.57503971459998,27.510101298493332,14.446705588356172,0.5251418535906077,False
20260802T185236Z-5cb9bd49afba-permute_candidate_sm86_release_v1,permute.tiny.single_hot.t1_e8_top2_k19,token_permute,cuda_block_partial,L1_kernel_body,warm,5,5,150,12.2880004346,12.2880004346,56.985600665199954,19.305813504998664,15.669268636894932,0.8116347250965541,False
20260802T185236Z-5cb9bd49afba-permute_candidate_sm86_release_v1,permute.tiny.single_hot.t1_e8_top2_k19,token_permute,cuda_block_partial,L2_operator_steady,warm,5,5,150,28.4672006965,29.0816009045,54.533118009535,37.55485868454,18.2439415466477,0.48579444007222644,False
20260802T185236Z-5cb9bd49afba-permute_candidate_sm86_release_v1,permute.tiny.single_hot.t1_e8_top2_k19,token_permute,cuda_naive,L1_kernel_body,warm,5,5,150,8.19199997932,8.19199997932,20.32640026879988,9.550506724045867,5.434597006159424,0.5690375561410185,True
20260802T185236Z-5cb9bd49afba-permute_candidate_sm86_release_v1,permute.tiny.single_hot.t1_e8_top2_k19,token_permute,cuda_naive,L2_operator_steady,warm,5,5,150,16.0255998373,16.0255998373,47.646720558409996,22.078869308031003,20.502781317162754,0.9286155477946074,True
20260802T185236Z-5cb9bd49afba-permute_candidate_sm86_release_v1,permute.tiny.single_hot.t1_e8_top2_k19,token_permute,cuda_token_owned_top2,L1_kernel_body,warm,5,5,150,8.19199997932,8.19199997932,37.06879932431493,11.829333320879867,10.558228898408808,0.8925464024056672,False
20260802T185236Z-5cb9bd49afba-permute_candidate_sm86_release_v1,permute.tiny.single_hot.t1_e8_top2_k19,token_permute,cuda_token_owned_top2,L2_operator_steady,warm,5,5,150,16.0768002272,16.7935997248,30.720001459100004,20.5899093846508,8.476271867635493,0.41167115936674864,False
20260802T185236Z-5cb9bd49afba-permute_candidate_sm86_release_v1,permute.wide_hot.single_hot.t2048_e64_top2_k1024,token_permute,cuda_atomic_vectorized_128,L1_kernel_body,warm,5,5,150,45.0560003519,45.35999894145,47.1040010452,45.522773712878,1.1426476255048388,0.025100571259382504,False
20260802T185236Z-5cb9bd49afba-permute_candidate_sm86_release_v1,permute.wide_hot.single_hot.t2048_e64_top2_k1024,token_permute,cuda_atomic_vectorized_128,L2_operator_steady,warm,5,5,150,46.1823999882,47.5135996938,127.26784348489998,66.903445184242,31.65594996650162,0.4731587421144891,False
20260802T185236Z-5cb9bd49afba-permute_candidate_sm86_release_v1,permute.wide_hot.single_hot.t2048_e64_top2_k1024,token_permute,cuda_atomic_vectorized_256,L1_kernel_body,warm,5,5,150,46.0800006986,46.0800006986,49.1520017385,46.83776068190867,5.248676886768743,0.1120607990295333,False
20260802T185236Z-5cb9bd49afba-permute_candidate_sm86_release_v1,permute.wide_hot.single_hot.t2048_e64_top2_k1024,token_permute,cuda_atomic_vectorized_256,L2_operator_steady,warm,5,5,150,45.7727998495,45.8752006292,122.99264013745,65.056768218656,33.27493678260466,0.5114754036162309,False
20260802T185236Z-5cb9bd49afba-permute_candidate_sm86_release_v1,permute.wide_hot.single_hot.t2048_e64_top2_k1024,token_permute,cuda_atomic_vectorized_64,L1_kernel_body,warm,5,5,150,46.0800006986,46.0800006986,51.763198897229984,49.12469387054933,18.42401348956917,0.37504586874615664,False
20260802T185236Z-5cb9bd49afba-permute_candidate_sm86_release_v1,permute.wide_hot.single_hot.t2048_e64_top2_k1024,token_permute,cuda_atomic_vectorized_64,L2_operator_steady,warm,5,5,150,45.8752006292,45.8752006292,103.26015949234998,61.92014940578933,33.23636932750988,0.5367617753907161,False
20260802T185236Z-5cb9bd49afba-permute_candidate_sm86_release_v1,permute.wide_hot.single_hot.t2048_e64_top2_k1024,token_permute,cuda_block_partial,L1_kernel_body,warm,5,5,150,50.1759983599,50.1759983599,70.19520141182998,52.69504010675867,13.395563499391022,0.25420919069901055,False
20260802T185236Z-5cb9bd49afba-permute_candidate_sm86_release_v1,permute.wide_hot.single_hot.t2048_e64_top2_k1024,token_permute,cuda_block_partial,L2_operator_steady,warm,5,5,150,71.7359989882,72.15999960900001,130.11967480179996,87.62801074980133,31.265067971823015,0.3567930813937129,False
20260802T185236Z-5cb9bd49afba-permute_candidate_sm86_release_v1,permute.wide_hot.single_hot.t2048_e64_top2_k1024,token_permute,cuda_naive,L1_kernel_body,warm,5,5,150,47.1040010452,47.1040010452,59.95520167052998,49.41034734249266,12.255597455087715,0.2480370633733222,True
20260802T185236Z-5cb9bd49afba-permute_candidate_sm86_release_v1,permute.wide_hot.single_hot.t2048_e64_top2_k1024,token_permute,cuda_naive,L2_operator_steady,warm,5,5,150,47.5135996938,47.4112004042,138.4191983939,75.660607616106,43.187384189411674,0.5708040888138242,True
20260802T185236Z-5cb9bd49afba-permute_candidate_sm86_release_v1,permute.wide_hot.single_hot.t2048_e64_top2_k1024,token_permute,cuda_token_owned_top2,L1_kernel_body,warm,5,5,150,45.0560003519,45.0560003519,47.1040010452,48.46250715356267,17.425057147189673,0.35955748413871913,False
20260802T185236Z-5cb9bd49afba-permute_candidate_sm86_release_v1,permute.wide_hot.single_hot.t2048_e64_top2_k1024,token_permute,cuda_token_owned_top2,L2_operator_steady,warm,5,5,150,45.6703990698,46.23360037805,125.00479817389999,65.695061326024,64.09626318628885,0.9756633435228743,False
